id,source,author,text,intent,urgency,incident_type,barangay,ner_spans,timestamp
1cd9c1e2-b8c5-4f79-8ab2-17f5253801ed,messenger,Sedrick Opulencia,"Gumuho po yung parte ng bahay namin gawa ng lindol at nabagsakan po yung kamay ng tatay ko, taga talisay, barangay Quiling po kame",CASUALTY_REPORT,CRITICAL,earthquake,Quiling,"[{""text"":""lindol"",""label"":""INCIDENT""},{""text"":""talisay"",""label"":""LOCATION""},{""text"":""barangay Quiling"",""label"":""LOCATION""}]",2026-08-26T10:45:14.434+00:00
122113596819367137_1577934500441390,fb_comment,Unknown,Magandang umaga po may gumuhong gusali po dito sa Poblacion 2 at kasalukuyang hinaharangan po ang kalsadsa,EMERGENCY_REPORT,HIGH,earthquake,Poblacion Barangay 2,"[{""text"":""gumuhong gusali"",""label"":""INCIDENT""},{""text"":""Poblacion 2"",""label"":""LOCATION""},{""text"":""kalsadsa"",""label"":""LOCATION""}]",2026-08-24T03:35:33
122113836501367137_3409089269273945,fb_comment,Unknown,"Magandang gabi, pwede po ba kayo magpadala ng tao dito sa Barangay Sampaloc, malapit po sa highway para po maalis namin ang mga bato na nanggaling sa gumuhong gusali sa kalsada",RESOURCE_REQUEST,HIGH,earthquake,Sampaloc,"[{""text"":""Barangay Sampaloc"",""label"":""LOCATION""},{""text"":""highway"",""label"":""LOCATION""},{""text"":""gumuhong gusali"",""label"":""INCIDENT""},{""text"":""kalsada"",""label"":""LOCATION""}]",2026-08-24T11:50:05
122113836501367137_1582027013416056,fb_comment,Samson Jefferson,Madami pong kailangan ng tulong dito sa miranda gawa ng lindol,EMERGENCY_REPORT,HIGH,earthquake,Miranda,"[{""text"":""miranda"",""label"":""LOCATION""},{""text"":""lindol"",""label"":""INCIDENT""}]",2026-08-26T05:18:23
122113836501367137_1557552305912927,fb_comment,Unknown,"magpadala po kayo ng tao dito sa Poblacion 3, may nabagsakan po ng bato dito galing sa gumuhong gusali",CASUALTY_REPORT,CRITICAL,earthquake,Poblacion Barangay 3,"[{""text"":""Poblacion 3"",""label"":""LOCATION""},{""text"":""nabagsakan po ng bato"",""label"":""INCIDENT""},{""text"":""gumuhong gusali"",""label"":""INCIDENT""}]",2026-08-28T01:44:58
d54f14a5-2507-4d4e-926b-c3ddfb135d9c,messenger,Samson Jefferson,Nasunugan po kami dito sa brgy miranda malapit sa katayan joel po pangalan ko,EMERGENCY_REPORT,CRITICAL,fire,Miranda,"[{""text"":""Nasunugan"",""label"":""INCIDENT""},{""text"":""brgy miranda"",""label"":""LOCATION""},{""text"":""malapit sa katayan"",""label"":""LOCATION""},{""text"":""joel"",""label"":""PERSON_NAME""}]",2026-08-26T05:19:37.491+00:00
m_yRlChlqXKFuCuRLbRCX4RQojfMp8MaUUULmYoiIsQyI79mflFotgH-KkMn9arihquEZrzDz6kyofp2jZpXkQwQ,messenger,Sedrick Opulencia,"May sunog po dito sa tumaway at naiwan po sa loob ang dalwang aso, malapit po ito sa elementary school sa kanto",EMERGENCY_REPORT,CRITICAL,fire,Tumaway,"[{""text"":""sunog"",""label"":""INCIDENT""},{""text"":""tumaway"",""label"":""LOCATION""},{""text"":""elementary school sa kanto"",""label"":""LOCATION""}]",2026-09-08T13:08:45.383+00:00
m_1nb3JoW2hpdL-j841fvUDgojfMp8MaUUULmYoiIsQyJbFkNtiy5hWscEppoS3lTo1UiXEy4AzBHDVJTCy3BGxw,messenger,Sedrick Opulencia,Nasusunog po yung bahay namin dito sa Barangay Leynes at naiwan po sa loob yung dalawang kapatid ko at bunso. Bilisan nyo po kailangan po namin ang tulong nyo,EMERGENCY_REPORT,CRITICAL,fire,Leynes,"[{""text"":""Nasusunog"",""label"":""INCIDENT""},{""text"":""Barangay Leynes"",""label"":""LOCATION""}]",2026-09-02T02:36:37.489+00:00
86472b5a-dc12-4643-8ac2-d830386831bb,messenger,Ocina John Paul,"Villegas, Justine Lay
Poblacion 23456
Malapit sa motel
0912345678
Naipit ng bumagsak na kisame gawa ng sunog",EMERGENCY_REPORT,CRITICAL,fire,Poblacion Barangay 2,"[{""text"":""Villegas, Justine Lay"",""label"":""PERSON_NAME""},{""text"":""Poblacion 23456"",""label"":""LOCATION""},{""text"":""Malapit sa motel"",""label"":""LOCATION""},{""text"":""0912345678"",""label"":""CONTACT_NUMBER""},{""text"":""sunog"",""label"":""INCIDENT""}]",2026-08-26T13:08:38.988+00:00
1bad7c7c-8672-456d-839b-54e88113d6c3,messenger,Samson Jefferson,May sunog po dine ito ho number ko 098373376111 malapit sa palengke,EMERGENCY_REPORT,CRITICAL,fire,Unknown,"[{""text"":""sunog"",""label"":""INCIDENT""},{""text"":""098373376111"",""label"":""CONTACT_NUMBER""},{""text"":""malapit sa palengke"",""label"":""LOCATION""}]",2026-08-24T06:29:47.011+00:00
9542bc2a-cf81-44f7-bffd-e9e7a142b8f3,messenger,Ocina John Paul,"Villegas, Justine Lay
Poblacion 23456
Malapit sa motel
0912345678
Naipit ng bumagsak na kisame gawa ng sunog",EMERGENCY_REPORT,CRITICAL,fire,Poblacion Barangay 2,"[{""text"":""Villegas, Justine Lay"",""label"":""PERSON_NAME""},{""text"":""Poblacion 23456"",""label"":""LOCATION""},{""text"":""Malapit sa motel"",""label"":""LOCATION""},{""text"":""0912345678"",""label"":""CONTACT_NUMBER""},{""text"":""sunog"",""label"":""INCIDENT""}]",2026-08-26T13:07:52.596+00:00
2afe55cf-40ed-4033-98e4-8012fd3d57f9,messenger,Sedrick Opulencia,May nasusunog pong bahay dito sa Poblacion 7,EMERGENCY_REPORT,HIGH,fire,Poblacion Barangay 7,"[{""text"":""nasusunog pong bahay"",""label"":""INCIDENT""},{""text"":""Poblacion 7"",""label"":""LOCATION""}]",2026-08-26T07:39:06.813+00:00
ee199993-8a4f-4f16-850f-8d77b3c47720,messenger,Sedrick Opulencia,"Ako si Jobert Austria taga talisay, Poblacion 7 at kontak number ko ay 09123736366, malapit po yung bahay na nasusunog sa kanto",EMERGENCY_REPORT,HIGH,fire,Poblacion Barangay 7,"[{""text"":""Jobert Austria"",""label"":""PERSON_NAME""},{""text"":""talisay"",""label"":""LOCATION""},{""text"":""Poblacion 7"",""label"":""LOCATION""},{""text"":""09123736366"",""label"":""CONTACT_NUMBER""},{""text"":""bahay na nasusunog"",""label"":""INCIDENT""},{""text"":""kanto"",""label"":""LOCATION""}]",2026-08-26T07:42:14.553+00:00
2a5b1a12-4ecc-48ab-85aa-8f5218ed2519,messenger,Sedrick Opulencia,"Tulong po, may nakulong po sa loob ng bahay na nasusunog dito sa amin sa barangay tranca  medyo  malapit po kame sa simbahan",EMERGENCY_REPORT,CRITICAL,fire,Tranca,"[{""text"":""nakulong po sa loob ng bahay na nasusunog"",""label"":""INCIDENT""},{""text"":""barangay tranca"",""label"":""LOCATION""},{""text"":""simbahan"",""label"":""LOCATION""}]",2026-08-26T12:24:07.967+00:00
640994a6-79c9-4c0e-876d-a26656551a69,messenger,Sedrick Opulencia,"Tulong po, may nakulong pa sa loob ng bahay na nasusunog dito sa amin",EMERGENCY_REPORT,CRITICAL,fire,Unknown,"[{""text"":""nasusunog"",""label"":""INCIDENT""}]",2026-08-26T12:22:29.897+00:00
6dca8e83-b44b-4d2c-b3b4-43d832ab4b3e,messenger,Sedrick Opulencia,nagliliyab po yung bahay ng kapitbahat namin dito sa barangay quiling,EMERGENCY_REPORT,CRITICAL,fire,Quiling,"[{""text"":""nagliliyab"",""label"":""INCIDENT""},{""text"":""barangay quiling"",""label"":""LOCATION""}]",2026-08-27T01:53:06.146+00:00
122113836501367137_1620331582841911,fb_comment,Unknown,"Kumakalat na po yung apoy dito sa Sampaloc, ilang bahay na po ang naapektuhan",EMERGENCY_REPORT,CRITICAL,fire,Sampaloc,"[{""text"":""apoy"",""label"":""INCIDENT""},{""text"":""Sampaloc"",""label"":""LOCATION""}]",2026-08-26T10:48:11
122113596819367137_1373722061493928,fb_comment,Samson Jefferson,May sunog ho dine sa poblacion dos ngayon,EMERGENCY_REPORT,CRITICAL,fire,Poblacion Barangay 2,"[{""text"":""sunog"",""label"":""INCIDENT""},{""text"":""poblacion dos"",""label"":""LOCATION""}]",2026-08-24T06:38:30
f0547403-d84f-44a5-828d-733c34e9446a,messenger,Samson Jefferson,magandang araw po nataas napo ang tubig dito sa brgy tranca,EMERGENCY_REPORT,HIGH,flood,Tranca,"[{""text"":""nataas napo ang tubig"",""label"":""INCIDENT""},{""text"":""brgy tranca"",""label"":""LOCATION""}]",2026-08-25T04:03:31.476+00:00
284254b9-adc8-4a4b-b937-82f241787bb2,messenger,Samson Jefferson,nataas naho ang tubig ng ilog dine kailangan napo namin maka likas,EMERGENCY_REPORT,HIGH,flood,Unknown,"[{""text"":""nataas naho ang tubig ng ilog"",""label"":""INCIDENT""},{""text"":""dine"",""label"":""LOCATION""}]",2026-08-25T04:04:31.465+00:00
m_OCqGBtJV6kKdWaj1yCs38AojfMp8MaUUULmYoiIsQyIBMCGxi4GXCPFPLQ_TzakNbt03SG81U91Dj_pXs_g0hQ,messenger,Sedrick Opulencia,"Magandang hapon po, nawawala po yung kapatid ko at huling nakita daw sa labas ng bahay namin bago po tumaas yung baha",CASUALTY_REPORT,HIGH,flood,Unknown,"[{""text"":""nawawala"",""label"":""INCIDENT""},{""text"":""baha"",""label"":""INCIDENT""}]",2026-09-02T07:54:30.303+00:00
m_exnJr-Y-GwzV5f_omX894tg6eG5Oh-YFV4phGSVs1Xom3R87sVzRPd-tniE6jZ4DnLAJod-yKulgaN_BkIafGw,messenger,Samson Jefferson,may nawawala pong bata dine  sa aya ang sabi po natangay ata ng baha baka yun e nalunod naho wag naman sana,CASUALTY_REPORT,CRITICAL,flood,Aya,"[{""text"":""aya"",""label"":""LOCATION""},{""text"":""baha"",""label"":""INCIDENT""}]",2026-09-04T12:50:10.648+00:00
m_AykuV-NLi35TqPayakmg4gojfMp8MaUUULmYoiIsQyJK7rqosmFHLkPRf9bRRaj5YmYMc4Ws_F3SqDu-YtddqQ,messenger,Sedrick Opulencia,"Tulungan po kame sorbrang taas na po ng baha dito sa barangay Quiling lagpas bahay n po, pa rescue po kame dito kasi hindi na kame makaalis",EMERGENCY_REPORT,CRITICAL,flood,Quiling,"[{""text"":""baha"",""label"":""INCIDENT""},{""text"":""barangay Quiling"",""label"":""LOCATION""}]",2026-09-02T00:53:19.91+00:00
2bb8b9a7-9e18-44ba-872c-14cff648149a,messenger,Samson Jefferson,Magadang araw may bata pong nawawala dito sa caloocan ang sabi inanod daw po sa ilog gawa ng biglang bumaha,CASUALTY_REPORT,CRITICAL,flood,Caloocan,"[{""text"":""caloocan"",""label"":""LOCATION""},{""text"":""ilog"",""label"":""LOCATION""},{""text"":""inanod"",""label"":""INCIDENT""},{""text"":""bumaha"",""label"":""INCIDENT""}]",2026-08-26T12:31:35.9+00:00
m_in-sIAy68HOXFiuAr23FAAojfMp8MaUUULmYoiIsQyJbfECeQQ0CnjRfub89JtwzbXd3otNPig9UABGLpRcszg,messenger,Sedrick Opulencia,"Wala na po kameng makain simula nung umaga pa dito sa Barangay Aya at hindi pa po humuhupa ang baha kaya hindi po kame makalabas din, baka po may pagkain kayo na pedeng ipadala dito",RESOURCE_REQUEST,MEDIUM,flood,Aya,"[{""text"":""Barangay Aya"",""label"":""LOCATION""},{""text"":""baha"",""label"":""INCIDENT""}]",2026-09-04T14:00:39.693+00:00
459508d1-5fa0-45e0-9242-c16a12822c39,messenger,Sedrick Opulencia,"Ako po si Berto, taga Poblacion 1 malapit sa kanto, mataas na po ang baha dito sa Barangay namin at nadala po ng baha yung kapatid ko at kasalukuyang po naming hinahanap pa ngayon, kung maari po na tulungan niyo kami sa paghahanap",CASUALTY_REPORT,CRITICAL,flood,Poblacion Barangay 1,"[{""text"":""Berto"",""label"":""PERSON_NAME""},{""text"":""Poblacion 1 malapit sa kanto"",""label"":""LOCATION""},{""text"":""baha"",""label"":""INCIDENT""}]",2026-08-24T03:40:30.714+00:00
97ed208f-17db-4db5-acc4-551587212e07,messenger,Sedrick Opulencia,"Ako po si Justine Dimautugan taga Barangay Quiling, tumaas na po ang baha dito at lumikas na po kami sa malapit na evacuation center, sa bilis po ng pagtaas ng baha wala na pong kaming nasalbang gamit at ngayon po humihingi po kame ng supplies para po sa mga bata. Ang kontak number ko po ay 09162625369 nasa school po kame",RESOURCE_REQUEST,HIGH,flood,Quiling,"[{""text"":""Justine Dimautugan"",""label"":""PERSON_NAME""},{""text"":""Barangay Quiling"",""label"":""LOCATION""},{""text"":""baha"",""label"":""INCIDENT""},{""text"":""evacuation center"",""label"":""LOCATION""},{""text"":""09162625369"",""label"":""CONTACT_NUMBER""},{""text"":""school"",""label"":""LOCATION""}]",2026-08-24T08:14:23.015+00:00
4a669db7-6f1f-49f5-9be8-a3b71bba208a,messenger,Samson Jefferson,magandang araw po nataas napo ang tubig dito sa brgy tranca,EMERGENCY_REPORT,HIGH,flood,Tranca,"[{""text"":""nataas napo ang tubig"",""label"":""INCIDENT""},{""text"":""brgy tranca"",""label"":""LOCATION""}]",2026-08-25T04:03:31.264+00:00
6d8e4aaa-4eaf-4506-a6b6-8239a58d67e7,messenger,Sedrick Opulencia,"Tulong po need po namin ng rescue, mataas na po ang baha dito sa Quiling, talisay, nasa itaas na po kame ng bubong sa taas ng baha, ito po ang kontak number ko 09182727379 medyo malapit po kame sa high way",EMERGENCY_REPORT,CRITICAL,flood,Quiling,"[{""text"":""baha"",""label"":""INCIDENT""},{""text"":""Quiling"",""label"":""LOCATION""},{""text"":""talisay"",""label"":""LOCATION""},{""text"":""bubong"",""label"":""LOCATION""},{""text"":""09182727379"",""label"":""CONTACT_NUMBER""},{""text"":""high way"",""label"":""LOCATION""}]",2026-08-27T02:18:47.159+00:00
ca0a93b0-97d1-41a5-90dc-d31c74f099ae,messenger,Sedrick Opulencia,Bilisan nyo po ang mabilis nataas ang baha,EMERGENCY_REPORT,HIGH,flood,Unknown,"[{""text"":""baha"",""label"":""INCIDENT""}]",2026-08-27T02:19:23.751+00:00
m_DM2N06EVQiDuZ9WhTwW0gQojfMp8MaUUULmYoiIsQyKmgrGyFKJm7ZSNoUPT3wgJejyLaOh83SCAvzyQtPM1ew,messenger,Sedrick Opulencia,"May inanod pong bata dito sa Santa Maria batang lalake at kulay blue po yung damit at short ang pangalan po ay bertong, malapit po ito sa ilog. Ito din po ang contact number ko 09717263663",CASUALTY_REPORT,CRITICAL,flood,Santa Maria,"[{""text"":""inanod"",""label"":""INCIDENT""},{""text"":""Santa Maria"",""label"":""LOCATION""},{""text"":""bertong"",""label"":""PERSON_NAME""},{""text"":""ilog"",""label"":""LOCATION""},{""text"":""09717263663"",""label"":""CONTACT_NUMBER""}]",2026-09-08T00:51:37.017+00:00
122113596819367137_952876534505186,fb_comment,Samson Jefferson,Hindi po maka tawid dine sa tuya sa brgy aya stranded na ho mga tao dine,EMERGENCY_REPORT,HIGH,flood,Aya,"[{""text"":""tuya"",""label"":""LOCATION""},{""text"":""brgy aya"",""label"":""LOCATION""},{""text"":""stranded"",""label"":""INCIDENT""}]",2026-08-24T10:14:30
122115019251367137_4528360117488248,fb_comment,Unknown,bara n po kanal nmin kaya mabilis bumabaha kht di malakas ulan.,EMERGENCY_REPORT,HIGH,flood,Aya,"[{""text"":""bara n po kanal"",""label"":""INCIDENT""},{""text"":""bumabaha"",""label"":""INCIDENT""}]",2026-09-03T00:53:43
122113596819367137_1030764439762083,fb_comment,Samson Jefferson,May mga tumirik hong sasakyan dine sa brgy aya gawa po ng baha,EMERGENCY_REPORT,HIGH,flood,Aya,"[{""text"":""tumirik hong sasakyan"",""label"":""INCIDENT""},{""text"":""brgy aya"",""label"":""LOCATION""},{""text"":""baha"",""label"":""INCIDENT""}]",2026-08-24T05:27:25
122113596819367137_1375728087404548,fb_comment,Unknown,masakit n tiyan ni tita ko ilang araw n parang kailangan n dalhin ospital pero baha pa daan Brgy Banga,EMERGENCY_REPORT,HIGH,flood,Banga,"[{""text"":""baha"",""label"":""INCIDENT""},{""text"":""Brgy Banga"",""label"":""LOCATION""}]",2026-08-24T11:09:07
122115019251367137_1351842770056661,fb_comment,Unknown,"nlubog n bhay nmin d2 sa Balas hangang leeg n tubig, d na kmi mkalabas!!",EMERGENCY_REPORT,CRITICAL,flood,Balas,"[{""text"":""nlubog"",""label"":""INCIDENT""},{""text"":""Balas"",""label"":""LOCATION""}]",2026-09-03T00:47:02
122113596819367137_1364253062084475,fb_comment,Samson Jefferson,"tulong po dine sa barangay san guillermo, baha naho",EMERGENCY_REPORT,HIGH,flood,San Guillermo,"[{""text"":""dine"",""label"":""LOCATION""},{""text"":""barangay san guillermo"",""label"":""LOCATION""},{""text"":""baha"",""label"":""INCIDENT""}]",2026-08-22T20:29:58
122113596819367137_1088674086829145,fb_comment,Unknown,PAKIUSAP need rescue boat NOW stranded kmi 5ppl rooftop na po.,RESOURCE_REQUEST,CRITICAL,flood,Unknown,"[{""text"":""rooftop"",""label"":""LOCATION""}]",2026-08-24T11:07:41
122113836501367137_2052591818956007,fb_comment,Unknown,"Dine ho baga sa health center unti-unti na tumataas ang baha kainaman na, sana dumaan na ang rescue, Brgy Poblacion 2.",EMERGENCY_REPORT,HIGH,flood,Poblacion Barangay 2,"[{""text"":""health center"",""label"":""LOCATION""},{""text"":""baha"",""label"":""INCIDENT""},{""text"":""Brgy Poblacion 2"",""label"":""LOCATION""}]",2026-08-26T05:38:02
122113836501367137_1713130676628081,fb_comment,Samson Jefferson,Kailangan po namin makalikas dito sa tranka nataas napo ang tubig ng ilog,EMERGENCY_REPORT,HIGH,flood,Tranca,"[{""text"":""tranka"",""label"":""LOCATION""},{""text"":""nataas napo ang tubig ng ilog"",""label"":""INCIDENT""}]",2026-08-25T04:02:05
122113836501367137_1821927579188264,fb_comment,Samson Jefferson,May bata pong nawawala at baka po inanod ng baha dine po sa barangy quiling malapit sa tulay,CASUALTY_REPORT,CRITICAL,flood,Quiling,"[{""text"":""baha"",""label"":""INCIDENT""},{""text"":""barangy quiling"",""label"":""LOCATION""},{""text"":""malapit sa tulay"",""label"":""LOCATION""}]",2026-08-25T05:21:38
122113836501367137_1779920663039345,fb_comment,Unknown,wla n pong gatas si baby ko dine sa evac center Brgy Poblacion 3 puro tubig baha nlng meron kmi,RESOURCE_REQUEST,HIGH,flood,Poblacion Barangay 3,"[{""text"":""evac center Brgy Poblacion 3"",""label"":""LOCATION""},{""text"":""tubig baha"",""label"":""INCIDENT""}]",2026-08-26T04:56:21
122113836501367137_2129956894561342,fb_comment,Unknown,"May na strand na pamilya po dito sa Quiling, nasa itaas na po sila ng bubong dahil sa taas ng baha",EMERGENCY_REPORT,CRITICAL,flood,Quiling,"[{""text"":""Quiling"",""label"":""LOCATION""},{""text"":""baha"",""label"":""INCIDENT""}]",2026-08-26T03:10:52
122113836501367137_1831637414499664,fb_comment,Samson Jefferson,May ilan ilan pong inanod ng baha dito sa brgy caloocan,CASUALTY_REPORT,CRITICAL,flood,Caloocan,"[{""text"":""inanod ng baha"",""label"":""INCIDENT""},{""text"":""brgy caloocan"",""label"":""LOCATION""}]",2026-08-26T09:49:28
122113836501367137_2565938587153646,fb_comment,Unknown,medyo tumataas nlang po tubig d2 samin baka pwd icheck kung need pa ng rescue dine sa Brgy Poblacion 7,EMERGENCY_REPORT,HIGH,flood,Poblacion Barangay 7,"[{""text"":""tumataas nlang po tubig"",""label"":""INCIDENT""},{""text"":""Brgy Poblacion 7"",""label"":""LOCATION""}]",2026-08-25T08:44:07
122113836501367137_1047896288067819,fb_comment,Unknown,Ilang oras po ba bago bumaba ang tubig dito sa Poblacion?,STATUS_INQUIRY,LOW,flood,Unknown,"[{""text"":""tubig"",""label"":""INCIDENT""},{""text"":""Poblacion"",""label"":""LOCATION""}]",2026-08-26T12:28:01
122113836501367137_840721745702631,fb_comment,Unknown,Bumabaha na naman dito sa Sampaloc kahit umulan lang ng konti,EMERGENCY_REPORT,HIGH,flood,Sampaloc,"[{""text"":""Bumabaha"",""label"":""INCIDENT""},{""text"":""Sampaloc"",""label"":""LOCATION""}]",2026-08-27T01:51:50
122113836501367137_2107916773127740,fb_comment,Unknown,masakit n ho tiyan ni tita ko ilang araw n parang kailangan n dalhin ospital pero baha pa daan sa Brgy Leynes,EMERGENCY_REPORT,HIGH,flood,Leynes,"[{""text"":""tita"",""label"":""PERSON_NAME""},{""text"":""baha"",""label"":""INCIDENT""},{""text"":""Brgy Leynes"",""label"":""LOCATION""}]",2026-08-29T11:20:30
122114578179367137_1643322900550270,fb_comment,Unknown,"Nasira ang bahagi ng tulay papuntang Poblacion 2 dahil sa lakas ng agos, hindi na po madaanan ng sasakyan.",EMERGENCY_REPORT,HIGH,flood,Poblacion Barangay 2,"[{""text"":""Nasira ang bahagi ng tulay"",""label"":""INCIDENT""},{""text"":""Poblacion 2"",""label"":""LOCATION""},{""text"":""lakas ng agos"",""label"":""INCIDENT""}]",2026-08-30T03:34:35
122113596819367137_1801170824241580,fb_comment,Samson Jefferson,Mataas nanaman po ulit ang tubig dito sa Quiling kailangan po maka likas kami asap,EMERGENCY_REPORT,HIGH,flood,Quiling,"[{""text"":""tubig"",""label"":""INCIDENT""},{""text"":""Quiling"",""label"":""LOCATION""}]",2026-08-29T08:27:43
122114578179367137_1784413052735169,fb_comment,Unknown,TULONGGG POOO!! Paki evacuate po kame dine sa Brgy Poblacion 2!! Lampas tao na po ang tubig baha plsss😥,EMERGENCY_REPORT,CRITICAL,flood,Poblacion Barangay 2,"[{""text"":""Brgy Poblacion 2"",""label"":""LOCATION""},{""text"":""tubig baha"",""label"":""INCIDENT""}]",2026-08-29T14:18:27
122115019251367137_1086702683828322,fb_comment,Unknown,TULONGGG POOO!! Paki evacuate po kame Lampas tao na po ang tubig baha plsss 😭😭,EMERGENCY_REPORT,CRITICAL,flood,Unknown,"[{""text"":""tubig baha"",""label"":""INCIDENT""}]",2026-09-01T09:15:36
122115019251367137_1082835297764072,fb_comment,Unknown,Magandang umaga po pa rescue po kame dito sa Poblacion 3 lagpas tao na po ang baha dito,EMERGENCY_REPORT,CRITICAL,flood,Poblacion Barangay 3,"[{""text"":""Poblacion 3"",""label"":""LOCATION""},{""text"":""baha"",""label"":""INCIDENT""}]",2026-09-02T00:46:42
121b11fc-12e4-45eb-9b3a-bffe271e364c,messenger,Sedrick Opulencia,tulong po nagkaroon po ng landslide dito sa Buco at natabunan po yung dalawang kapatid ko. bilisan nyo po,EMERGENCY_REPORT,CRITICAL,landslide,Buco,"[{""text"":""landslide"",""label"":""INCIDENT""},{""text"":""Buco"",""label"":""LOCATION""}]",2026-08-28T01:46:56.801+00:00
3c8b7f4a-7c45-4008-aea8-bc1b0b5b0f09,messenger,Sedrick Opulencia,"magandang tanghali po nais ko lang pong ireport sa inyo na may lupa pong humarang sa kalsada dito sa Miranda galing po sa landslide, ako po si Jepoy Torehas, taga talisay, baranagay miranda at ang contact no ko ay 09212167671",EMERGENCY_REPORT,HIGH,landslide,Miranda,"[{""text"":""Miranda"",""label"":""LOCATION""},{""text"":""landslide"",""label"":""INCIDENT""},{""text"":""Jepoy Torehas"",""label"":""PERSON_NAME""},{""text"":""talisay"",""label"":""LOCATION""},{""text"":""baranagay miranda"",""label"":""LOCATION""},{""text"":""09212167671"",""label"":""CONTACT_NUMBER""}]",2026-08-28T06:04:33.114+00:00
9ac9d7fc-84c8-4790-ac67-a019b78ccb89,messenger,Sedrick Opulencia,"magandang tanghali po nais ko lang pong ireport sa inyo na may lupa pong humarang sa kalsada dito sa Miranda galing po sa landslide, ako po si Jepoy Torehas, taga talisay, baranagay miranda at ang contact no ko ay 09212167671",EMERGENCY_REPORT,HIGH,landslide,Miranda,"[{""text"":""Miranda"",""label"":""LOCATION""},{""text"":""landslide"",""label"":""INCIDENT""},{""text"":""Jepoy Torehas"",""label"":""PERSON_NAME""},{""text"":""talisay"",""label"":""LOCATION""},{""text"":""baranagay miranda"",""label"":""LOCATION""},{""text"":""09212167671"",""label"":""CONTACT_NUMBER""}]",2026-08-28T06:04:33.573+00:00
122113836501367137_1460213749273633,fb_comment,Unknown,MAY MALAKING BITAK SA LUPA MALAPIT SA covered court NATATAKOT PO KMI BAKA LUMALA PA SA BRGY Tranca PO ITO!😭,EMERGENCY_REPORT,HIGH,landslide,Tranca,"[{""text"":""BITAK SA LUPA"",""label"":""INCIDENT""},{""text"":""covered court"",""label"":""LOCATION""},{""text"":""BRGY Tranca"",""label"":""LOCATION""}]",2026-08-24T13:15:15
122113596819367137_1347861414171198,fb_comment,Unknown,"Mayroon pong gumuhong lupa dito sa Poblacion 1 at may taong natabunan, kailangan po namin ng tulong nyo ngayon para mahukay yung tao",EMERGENCY_REPORT,CRITICAL,landslide,Poblacion Barangay 1,"[{""text"":""gumuhong lupa"",""label"":""INCIDENT""},{""text"":""Poblacion 1"",""label"":""LOCATION""}]",2026-08-23T14:43:07
122113596819367137_1699104658883528,fb_comment,Unknown,"Tulong po, may gumuhong lupa dito sa Barangay Sampaloc",EMERGENCY_REPORT,HIGH,landslide,Sampaloc,"[{""text"":""gumuhong lupa"",""label"":""INCIDENT""},{""text"":""Barangay Sampaloc"",""label"":""LOCATION""}]",2026-08-23T11:53:43
122113836501367137_1545769229929831,fb_comment,Unknown,MAY MALAKING BITAK SA LUPA MALAPIT SA boundary ng Laurel NATATAKOT KMI BAKA LUMALA PA.,EMERGENCY_REPORT,HIGH,landslide,Unknown,"[{""text"":""BITAK SA LUPA"",""label"":""INCIDENT""},{""text"":""boundary ng Laurel"",""label"":""LOCATION""}]",2026-08-26T07:39:56
122114578179367137_1789536812238771,fb_comment,Unknown,"Possible landslide warning po sa area ng daan papuntang bundok, nag-crack na yung lupa, sana ma-check agad, Brgy Tranca.",EMERGENCY_REPORT,HIGH,landslide,Tranca,"[{""text"":""landslide"",""label"":""INCIDENT""},{""text"":""daan papuntang bundok"",""label"":""LOCATION""},{""text"":""nag-crack na yung lupa"",""label"":""INCIDENT""},{""text"":""Brgy Tranca"",""label"":""LOCATION""}]",2026-08-29T13:32:25
122113596819367137_1023095967466885,fb_comment,Unknown,Need po namin agarang tulong dito sa Barangay Caloocan gawa ng may na trapped po na bata dito sa gumuhong bahay,EMERGENCY_REPORT,CRITICAL,landslide,Caloocan,"[{""text"":""Barangay Caloocan"",""label"":""LOCATION""},{""text"":""trapped po na bata"",""label"":""INCIDENT""},{""text"":""gumuhong bahay"",""label"":""INCIDENT""}]",2026-08-24T08:08:44
122115019251367137_1456562189665119,fb_comment,Unknown,"Anla tulong naman po! Natabunan na ang daan sa Brgy. Balas gawa ng landslide, di makadaan ang ambulansya!",EMERGENCY_REPORT,HIGH,landslide,Balas,"[{""text"":""Brgy. Balas"",""label"":""LOCATION""},{""text"":""landslide"",""label"":""INCIDENT""}]",2026-09-02T09:31:11
122113836501367137_1059975583410805,fb_comment,Unknown,Ala eh tulong naman po! Natabunan na ang daan rine sa Brgy. Leynes gawa ng landslide e di na kako makadaan ang mga rescuer at ambulansya!,EMERGENCY_REPORT,CRITICAL,landslide,Leynes,"[{""text"":""Brgy. Leynes"",""label"":""LOCATION""},{""text"":""landslide"",""label"":""INCIDENT""}]",2026-08-28T12:18:38
122115019251367137_1743353700199137,fb_comment,Unknown,"Ala eh natabunan ng lupa ang buong daan papuntang covered court, wala nang madadaanang sasakyan, Brgy Poblacion 1",EMERGENCY_REPORT,HIGH,landslide,Poblacion Barangay 1,"[{""text"":""natabunan ng lupa"",""label"":""INCIDENT""},{""text"":""covered court"",""label"":""LOCATION""},{""text"":""Brgy Poblacion 1"",""label"":""LOCATION""}]",2026-09-03T01:01:44
122113836501367137_4336992206561817,fb_comment,Unknown,"nagkaroon po ng landslide  dito sa Barangay Quiling, dalawang bahay po yung natabunan at may mga bata po sa loob ng bahay. Sana po makapunta agad kayo dito ASAP",EMERGENCY_REPORT,CRITICAL,landslide,Quiling,"[{""text"":""landslide"",""label"":""INCIDENT""},{""text"":""Barangay Quiling"",""label"":""LOCATION""}]",2026-08-28T06:00:14
122115019251367137_4478583875726567,fb_comment,Unknown,MAY MALAKING BITAK SA LUPA MALAPIT SA tulay papuntang Sampaloc NATATAKOT KMI BAKA LUMALA PA BRGY San Guillermo,EMERGENCY_REPORT,HIGH,landslide,San Guillermo,"[{""text"":""BITAK SA LUPA"",""label"":""INCIDENT""},{""text"":""tulay papuntang Sampaloc"",""label"":""LOCATION""},{""text"":""BRGY San Guillermo"",""label"":""LOCATION""}]",2026-09-08T11:25:55
122113836501367137_1284125647045610,fb_comment,Unknown,"Ala eh dine nga e natabunan ng lupa ang buong daan papuntang covered court, wala nang makadaang sasakyan",EMERGENCY_REPORT,HIGH,landslide,Unknown,"[{""text"":""dine"",""label"":""LOCATION""},{""text"":""natabunan ng lupa"",""label"":""INCIDENT""},{""text"":""covered court"",""label"":""LOCATION""}]",2026-08-24T13:17:01
122115019251367137_1950724575623182,fb_comment,Unknown,tulong po nagka landslide po dito sa barangay tranca at madaming bahay ang natabunan at meron din pong mga tao sa loob ng mga bahay na natabunan kailangan po  namin ng tulong para mahukay sila,EMERGENCY_REPORT,CRITICAL,landslide,Tranca,"[{""text"":""landslide"",""label"":""INCIDENT""},{""text"":""barangay tranca"",""label"":""LOCATION""},{""text"":""natabunan"",""label"":""INCIDENT""}]",2026-09-04T13:50:14
m_acj1hLAFjWPCOclfahIvOwojfMp8MaUUULmYoiIsQyIa3pMMyIvI-s1y08U108x89LDWDdkz8_FBMZz8ngVgyA,messenger,Sedrick Opulencia,"Kailangan po namin ng tulong, nalipad po yung bubong ng bahay namin at nagiba na yung mga pader. Pa rescue po kame dito sa Barangay Sta Maria malapit po kame sa simbahan, ito din po ang contact number ko 09172633666",EMERGENCY_REPORT,HIGH,typhoon,Santa Maria,"[{""text"":""nalipad po yung bubong ng bahay namin"",""label"":""INCIDENT""},{""text"":""nagiba na yung mga pader"",""label"":""INCIDENT""},{""text"":""Barangay Sta Maria"",""label"":""LOCATION""},{""text"":""simbahan"",""label"":""LOCATION""},{""text"":""09172633666"",""label"":""CONTACT_NUMBER""}]",2026-09-02T05:10:38.641+00:00
m_2mC9ZYw2lpphH7JVeK3A_QojfMp8MaUUULmYoiIsQyI42p7hLK2lYYzoAsLmGaMRY7aff-YuNGaVKLeNHLRudA,messenger,Sedrick Opulencia,Tulong naman ho wala na kameng malamo dine sa Poblacion 2 dalawang araw na walang tigil ang ulan,RESOURCE_REQUEST,HIGH,typhoon,Poblacion Barangay 2,"[{""text"":""Poblacion 2"",""label"":""LOCATION""},{""text"":""walang tigil ang ulan"",""label"":""INCIDENT""}]",2026-09-12T04:24:41.675+00:00
00a9a6c9-04fc-4336-9013-7f715ed94e44,messenger,Samson Jefferson,"Brgy aya lang po malapit sa paradahan ng tricycle contact po 09472726387

Kailangan po namin ng medical na tulong  dine kahit ambulansya may naipit ho dine ng bumagsak na puno salamat",EMERGENCY_REPORT,CRITICAL,typhoon,Aya,"[{""text"":""Brgy aya"",""label"":""LOCATION""},{""text"":""paradahan ng tricycle"",""label"":""LOCATION""},{""text"":""09472726387"",""label"":""CONTACT_NUMBER""},{""text"":""bumagsak na puno"",""label"":""INCIDENT""}]",2026-08-24T05:17:12.451+00:00
926cd58f-4e14-435d-8393-d07a8f27abef,messenger,Sedrick Opulencia,"Ang pangalan ko po ay John Paul Manalsal taga talisay, Barangay Miranda. Naipit po yung kapatid ko sa bumagsak na puno dito sa bahay namin, malapit po kami sa Barangay hall at ang kontak number ko po ay 09923447471",EMERGENCY_REPORT,CRITICAL,typhoon,Miranda,"[{""text"":""John Paul Manalsal"",""label"":""PERSON_NAME""},{""text"":""talisay"",""label"":""LOCATION""},{""text"":""Barangay Miranda"",""label"":""LOCATION""},{""text"":""bumagsak na puno"",""label"":""INCIDENT""},{""text"":""Barangay hall"",""label"":""LOCATION""},{""text"":""09923447471"",""label"":""CONTACT_NUMBER""}]",2026-08-25T03:23:52.756+00:00
d7f20ff8-7e69-49e8-baef-e4b4e4de37df,messenger,Sedrick Opulencia,"may bumagsak po na puno dito sa tumaway malapit sa kalsada, nahaharang po ang pagdaan ng mga sasakyan",EMERGENCY_REPORT,HIGH,typhoon,Tumaway,"[{""text"":""bumagsak po na puno"",""label"":""INCIDENT""},{""text"":""tumaway"",""label"":""LOCATION""},{""text"":""malapit sa kalsada"",""label"":""LOCATION""}]",2026-08-25T12:27:54.015+00:00
9d58964e-965a-405e-bad2-b71a6e07964f,messenger,Sedrick Opulencia,"Meron pa po ba kayong pagkain dyan? Ubos na po kase ang supply namin dito sa bahay at malakas parin po ang ulan, baka mapapadalhan nyo po kami ng supplies dito sa talisay, barangay Leynes malapit po kame sa kanto po malapit sa school at ang pangalan ko po ay Isay Dimautugan ito po ang kontak number ko 09937374666",RESOURCE_REQUEST,MEDIUM,typhoon,Leynes,"[{""text"":""talisay"",""label"":""LOCATION""},{""text"":""barangay Leynes"",""label"":""LOCATION""},{""text"":""kanto"",""label"":""LOCATION""},{""text"":""school"",""label"":""LOCATION""},{""text"":""Isay Dimautugan"",""label"":""PERSON_NAME""},{""text"":""09937374666"",""label"":""CONTACT_NUMBER""}]",2026-08-29T07:58:36.65+00:00
122113596819367137_4429954697316470,fb_comment,Samson Jefferson,Wala po bang tulong pinansyal o kahit pagkain sa mga nasalanta ng bagyo? Salamat po,RESOURCE_REQUEST,MEDIUM,typhoon,Unknown,"[{""text"":""bagyo"",""label"":""INCIDENT""}]",2026-08-24T03:52:51
122113836501367137_1041733968465888,fb_comment,Samson Jefferson,Dine ho sa brgy miranda madaming kahoy natumba makiki aksyonan po salamat,EMERGENCY_REPORT,HIGH,typhoon,Miranda,"[{""text"":""brgy miranda"",""label"":""LOCATION""},{""text"":""kahoy natumba"",""label"":""INCIDENT""}]",2026-08-24T11:55:53
122113836501367137_2621455701652734,fb_comment,Unknown,Pa-assist naman ho sa natumbang puno dito sa barangay tranca,EMERGENCY_REPORT,HIGH,typhoon,Tranca,"[{""text"":""natumbang puno"",""label"":""INCIDENT""},{""text"":""barangay tranca"",""label"":""LOCATION""}]",2026-08-26T20:11:40
122114578179367137_2044195036214715,fb_comment,Unknown,"Bumagsak po ang poste ng kuryente kasama ang mga kable sa daan papuntang Poblacion 1, gawa ng bagyo.",EMERGENCY_REPORT,HIGH,typhoon,Poblacion Barangay 1,"[{""text"":""Bumagsak po ang poste ng kuryente kasama ang mga kable"",""label"":""INCIDENT""},{""text"":""Poblacion 1"",""label"":""LOCATION""},{""text"":""bagyo"",""label"":""INCIDENT""}]",2026-08-29T14:39:17
122115019251367137_1880476043330815,fb_comment,Unknown,guys wla n signal d2 sa Poblacion 2 mahigit isang araw n simula nung bagyo kagabi,STATUS_INQUIRY,LOW,typhoon,Poblacion Barangay 2,"[{""text"":""Poblacion 2"",""label"":""LOCATION""},{""text"":""bagyo"",""label"":""INCIDENT""}]",2026-09-11T04:35:10
122115019251367137_2251815448996328,fb_comment,Unknown,Kailan po kaya titigil ang ulan?,STATUS_INQUIRY,LOW,typhoon,Aya,"[{""text"":""ulan"",""label"":""INCIDENT""}]",2026-09-08T14:11:19
122115019251367137_1600403221438816,fb_comment,Unknown,"Bumagsak po yung malaking puno sa kalsada dito sa San Guillermo, naka harang po sa daan at wala pong makalusot ngayong mga sasakyan",EMERGENCY_REPORT,HIGH,typhoon,San Guillermo,"[{""text"":""Bumagsak po yung malaking puno"",""label"":""INCIDENT""},{""text"":""San Guillermo"",""label"":""LOCATION""}]",2026-09-06T09:28:21
122115019251367137_1089553210236836,fb_comment,Unknown,kelan po b susunod n weather update para samin d2 sa Brgy Quiling,STATUS_INQUIRY,LOW,typhoon,Quiling,"[{""text"":""Brgy Quiling"",""label"":""LOCATION""}]",2026-09-06T05:50:15
c74dd2cd-2948-47e1-9053-56e8ce6e7adf,messenger,Samson Jefferson,magandang umaga nais ko ipa alam na pumutok ang bulkang taal,EMERGENCY_REPORT,HIGH,volcanic_eruption,Unknown,"[{""text"":""pumutok"",""label"":""INCIDENT""},{""text"":""bulkang taal"",""label"":""LOCATION""}]",2026-08-29T19:58:22.762+00:00
73cca32e-f888-41d3-b4dd-6db19a7b7073,messenger,Samson Jefferson,"ako si jose del pindot taga aya lamang , malapit sa eskwelahan are number ko 0934387432 walang tulong na kailangan ipa alam mo lamang na pumutok ang taal sa inyong team salamat",EMERGENCY_REPORT,HIGH,volcanic_eruption,Aya,"[{""text"":""jose del pindot"",""label"":""PERSON_NAME""},{""text"":""aya"",""label"":""LOCATION""},{""text"":""eskwelahan"",""label"":""LOCATION""},{""text"":""0934387432"",""label"":""CONTACT_NUMBER""},{""text"":""pumutok ang taal"",""label"":""INCIDENT""}]",2026-08-29T20:00:16.046+00:00
df16c88b-b503-46f6-98da-73133043b52f,messenger,Ocina John Paul,Nasunog nga gawa ng bulkan,EMERGENCY_REPORT,HIGH,volcanic_eruption,Unknown,"[{""text"":""Nasunog"",""label"":""INCIDENT""},{""text"":""bulkan"",""label"":""INCIDENT""}]",2026-08-26T13:08:21.132+00:00
893efbd3-912c-4a8b-ba60-f91cdef601c2,messenger,Sedrick Opulencia,"Ako po si Jayson Tibayan taga Barangay Miranda at ang kontak number ko po ay 09762336722. Lumalakas po lalo yung pagbuga ng usok ng taal, kailangan po namin ng rescue para makaalis po dito malapit po dito sa paaralan sa kanto",EMERGENCY_REPORT,HIGH,volcanic_eruption,Miranda,"[{""text"":""Jayson Tibayan"",""label"":""PERSON_NAME""},{""text"":""Barangay Miranda"",""label"":""LOCATION""},{""text"":""09762336722"",""label"":""CONTACT_NUMBER""},{""text"":""pagbuga ng usok ng taal"",""label"":""INCIDENT""},{""text"":""paaralan sa kanto"",""label"":""LOCATION""}]",2026-08-30T04:08:15.894+00:00
8bbfc7d3-e708-4512-bd4b-790d8a4a7d33,messenger,Sedrick Opulencia,"Ako po si Justine Tigasin taga Poblacion 4 at ang kontak number ko po ay 09761636722. Lumalakas po lalo yung pagbuga ng usok ng taal, kailangan po namin ng rescue para makaalis po dito. Dalawang matanda po at may 3 tatlong bata kaming kasama malapit po dito sa simbahan",EMERGENCY_REPORT,HIGH,volcanic_eruption,Poblacion Barangay 4,"[{""text"":""Justine Tigasin"",""label"":""PERSON_NAME""},{""text"":""Poblacion 4"",""label"":""LOCATION""},{""text"":""09761636722"",""label"":""CONTACT_NUMBER""},{""text"":""pagbuga ng usok ng taal"",""label"":""INCIDENT""},{""text"":""simbahan"",""label"":""LOCATION""}]",2026-08-30T01:08:37.326+00:00
122113596819367137_2428464667645062,fb_comment,Unknown,Tulong po kailangan po ng tulong nyo para ma evacuate yung mga taong hindi makaalis sa bahay nila dito sa Barangay Tumaway gawa ng umuusok po ng malakas ang bulkang Taal,EMERGENCY_REPORT,HIGH,volcanic_eruption,Tumaway,"[{""text"":""Barangay Tumaway"",""label"":""LOCATION""},{""text"":""umuusok po ng malakas"",""label"":""INCIDENT""},{""text"":""bulkang Taal"",""label"":""LOCATION""}]",2026-08-24T09:26:11
122116085643367137_1048922251454679,fb_comment,Samson Jefferson,"Nakakaawa po may mga asma pasuyo napo patulungan kami sa pag lilinis ng abo,",RESOURCE_REQUEST,HIGH,volcanic_eruption,Unknown,"[{""text"":""abo"",""label"":""INCIDENT""}]",2026-09-11T03:48:39
122114578179367137_1082879980919309,fb_comment,Unknown,kumakapal na po yung hamog dito sa barangay miranda at baka po makakapagpadala kayo tao gawa hindi ko malabas magisa yung lumpong magulang ko,EMERGENCY_REPORT,HIGH,volcanic_eruption,Miranda,"[{""text"":""hamog"",""label"":""INCIDENT""},{""text"":""barangay miranda"",""label"":""LOCATION""}]",2026-08-29T14:17:56
122114578179367137_1551279453678423,fb_comment,Unknown,BARADO NAPO DAAAN SA Poblacion 1 dhl sa ASH FALL!!! WLA NG MKADAAN!!!,EMERGENCY_REPORT,HIGH,volcanic_eruption,Poblacion Barangay 1,"[{""text"":""Poblacion 1"",""label"":""LOCATION""},{""text"":""ASH FALL"",""label"":""INCIDENT""}]",2026-08-29T13:51:03
122114578179367137_1345490300903070,fb_comment,Unknown,"Blocked yung road sa Brgy. 5 dahil sa volcanic ash, hindi makadaan yung mga vehicles",EMERGENCY_REPORT,HIGH,volcanic_eruption,Poblacion Barangay 5,"[{""text"":""Brgy. 5"",""label"":""LOCATION""},{""text"":""volcanic ash"",""label"":""INCIDENT""}]",2026-08-29T14:14:01
122114578179367137_2534083940421563,fb_comment,Unknown,HIRAP HUMINGA D2 Pob 3 dhl sA aBo!!! NEED MEDIC PLS ASAP!!!,EMERGENCY_REPORT,CRITICAL,volcanic_eruption,Poblacion Barangay 3,"[{""text"":""HIRAP HUMINGA"",""label"":""INCIDENT""},{""text"":""Pob 3"",""label"":""LOCATION""},{""text"":""aBo"",""label"":""INCIDENT""}]",2026-08-29T13:56:30
122114578179367137_966740176430913,fb_comment,Unknown,s4f3 n4 b4 bum4l1k s4 Barangay Tumaway??? Baka kase may aBo p4 r1n 😭,STATUS_INQUIRY,LOW,volcanic_eruption,Tumaway,"[{""text"":""Barangay Tumaway"",""label"":""LOCATION""},{""text"":""aBo"",""label"":""INCIDENT""}]",2026-09-01T02:52:09
122114578179367137_2023703441623495,fb_comment,Unknown,"May nahihirapang pong huminga sa Poblacion Barangay 1, kapal ng abo eh, kailangan po nya ng pang lunas agad para maagapan",EMERGENCY_REPORT,CRITICAL,volcanic_eruption,Poblacion Barangay 1,"[{""text"":""nahihirapang pong huminga"",""label"":""INCIDENT""},{""text"":""Poblacion Barangay 1"",""label"":""LOCATION""},{""text"":""abo"",""label"":""INCIDENT""}]",2026-09-01T02:21:06
122115019251367137_38128760200072102,fb_comment,Unknown,"2long po sobrang lakas na po ng buga ng usok ng taal, baka po may mga supplies kayo na pedeng ipamigay dito sa Barangay Sampaloc",RESOURCE_REQUEST,HIGH,volcanic_eruption,Sampaloc,"[{""text"":""buga ng usok ng taal"",""label"":""INCIDENT""},{""text"":""taal"",""label"":""LOCATION""},{""text"":""Barangay Sampaloc"",""label"":""LOCATION""}]",2026-09-02T02:30:59
122114578179367137_1612129157107406,fb_comment,Unknown,BL0CK3D d4An sA Poblacion Barangay 6 dHl sA ABo!!! pLs h3lp,EMERGENCY_REPORT,HIGH,volcanic_eruption,Poblacion Barangay 6,"[{""text"":""Poblacion Barangay 6"",""label"":""LOCATION""},{""text"":""ABo"",""label"":""INCIDENT""}]",2026-09-01T02:27:41
122114578179367137_995471230174116,fb_comment,Unknown,Residents in Banga need potable water because the local supply is contaminated by ash.,RESOURCE_REQUEST,MEDIUM,volcanic_eruption,Banga,"[{""text"":""Banga"",""label"":""LOCATION""},{""text"":""contaminated by ash"",""label"":""INCIDENT""}]",2026-09-01T02:56:13
122114578179367137_1700893785379568,fb_comment,Samson Jefferson,Matabunan na ho ng lahar ang mga bahayan dine sa pob 3,EMERGENCY_REPORT,CRITICAL,volcanic_eruption,Poblacion Barangay 3,"[{""text"":""lahar"",""label"":""INCIDENT""},{""text"":""pob 3"",""label"":""LOCATION""}]",2026-09-01T03:45:39
122116085643367137_1768673567774998,fb_comment,Unknown,bumagsak bubong nmin gawa ng ashfall dito Brgy Tranca sana matulungan kming magpaayos at mag evacuate,RESOURCE_REQUEST,HIGH,volcanic_eruption,Tranca,"[{""text"":""ashfall"",""label"":""INCIDENT""},{""text"":""Brgy Tranca"",""label"":""LOCATION""}]",2026-09-09T06:02:31
122115019251367137_2881183472237153,fb_comment,Unknown,"May ashfall na naman dito sa Leynes galing Taal, makapal na ang abo sa mga bubong namin.",EMERGENCY_REPORT,HIGH,volcanic_eruption,Leynes,"[{""text"":""ashfall"",""label"":""INCIDENT""},{""text"":""Leynes"",""label"":""LOCATION""},{""text"":""Taal"",""label"":""LOCATION""},{""text"":""abo"",""label"":""INCIDENT""}]",2026-09-05T08:11:19
m_T4MXvX6vNLyenp4nHRZwrAojfMp8MaUUULmYoiIsQyKsAGcWp3biLBxcbCy86TrjKSshCOeAkpyvKHK69GC-eA,messenger,Sedrick Opulencia,Hello po,CASUAL_OR_GREETING,LOW,none,Unknown,[],2026-09-02T05:08:01.285+00:00
cb0bb32d-3c6c-45d6-bf49-cf0ba85f10ea,messenger,Samson Jefferson,ako po si junar taga tranca lamang ho,CASUAL_OR_GREETING,LOW,none,Tranca,"[{""text"":""junar"",""label"":""PERSON_NAME""},{""text"":""tranca"",""label"":""LOCATION""}]",2026-08-25T04:04:10.756+00:00
c3a37729-41f7-43c5-843e-d0c508c23b23,messenger,Sedrick Opulencia,Hello,CASUAL_OR_GREETING,LOW,none,Unknown,[],2026-08-24T03:36:00.454+00:00
daad011d-0cd3-46f3-970a-e8cd28ee2a86,messenger,Ocina John Paul,Sup bitch,CASUAL_OR_GREETING,LOW,none,Unknown,[],2026-08-26T13:04:38.676+00:00
89366e11-d270-4346-803d-140748555d40,messenger,Sedrick Opulencia,Magandang hapon po,CASUAL_OR_GREETING,LOW,none,Unknown,[],2026-08-24T08:09:22.305+00:00
28bd4fd5-2ada-4378-a63b-f9f27597ee09,messenger,Samson Jefferson,Magandang araw po,CASUAL_OR_GREETING,LOW,none,Unknown,[],2026-08-26T05:18:56.373+00:00
m_C5kn82Ap8OL387bRQOdH87NLZslaRe8FEJXRU94BDAQ0pk1lENAQ1C0BnA3E6Bnavy-JIKTCaI_xHnqao47-DA,messenger,Ocina John Paul,Sup bitch,CASUAL_OR_GREETING,LOW,none,Unknown,[],2026-09-02T12:02:49.672+00:00
c1c5b9ed-fb3b-42b4-aee2-4727205d7737,messenger,Sedrick Opulencia,Magandang Hapon po,CASUAL_OR_GREETING,LOW,none,Unknown,[],2026-08-25T09:34:50.073+00:00
m_7JAgvyqaFD9NG3kOu-_Yv9g6eG5Oh-YFV4phGSVs1XqEjizyitlEOLRjdoqMjv79WhvHPtGEU9gvAP0XPBFfKA,messenger,Samson Jefferson,Magandamg umaga,CASUAL_OR_GREETING,LOW,none,Unknown,[],2026-09-01T19:36:51.874+00:00
m_A8A98t4b9ZOHaTpEuDh0tgojfMp8MaUUULmYoiIsQyL-al2N1eIquczmMnw2Y0p7H1jR5xvtEAskntsm85_MBg,messenger,Sedrick Opulencia,magandang umaga po,CASUAL_OR_GREETING,LOW,none,Unknown,[],2026-09-04T00:37:10.817+00:00
m_YbQsJGtpuB-2iaNQ-Yi16gojfMp8MaUUULmYoiIsQyJ3e8u80lfU5SvOZcKtd5eXMbbilzwG3VRnOsmjCvu0dw,messenger,Sedrick Opulencia,Hello,CASUAL_OR_GREETING,LOW,none,Unknown,[],2026-09-08T13:06:33.714+00:00
m_coEoQ-s4XbF7CpuIcC63rtg6eG5Oh-YFV4phGSVs1Xo_qNfT-63U1X9cgLjP9FiMtkNG2ohgVqjYAfHWgMhiHQ,messenger,Samson Jefferson,magandang gabi po maam/sir,CASUAL_OR_GREETING,LOW,none,Unknown,[],2026-09-04T12:48:11.703+00:00
m_0KS74FWGJyDMgxflM_QG-wojfMp8MaUUULmYoiIsQyK1smWNDrLz1lbeBiZE8MUmYc4KYjB1UTeFVilFxYx-ew,messenger,Sedrick Opulencia,Good morning,CASUAL_OR_GREETING,LOW,none,Unknown,[],2026-09-02T00:48:27.353+00:00
6ade072d-f065-4ca1-b8c6-d9e40b8287bd,messenger,Sedrick Opulencia,Magandang hapon po,CASUAL_OR_GREETING,LOW,none,Unknown,[],2026-08-26T07:38:34.339+00:00
73a141c1-bb92-49f9-b44d-10a96c0f657e,messenger,Samson Jefferson,Magandang araw,CASUAL_OR_GREETING,LOW,none,Unknown,[],2026-08-29T21:42:10.343+00:00
ed7e7e06-40ec-418d-8d91-051b928b1e40,messenger,Samson Jefferson,Magandang araw,CASUAL_OR_GREETING,LOW,none,Unknown,[],2026-08-29T21:54:25.296+00:00
de51dac4-ac52-4b09-bd30-ab294e8c1a88,messenger,Samson Jefferson,Magandang umaga,CASUAL_OR_GREETING,LOW,none,Unknown,[],2026-08-27T02:11:41.307+00:00
m_umlIpcQp1u2d4b1fSoYjVAojfMp8MaUUULmYoiIsQyLc8k0OWnlGHJb4KgvgkSSiH7rFpSjMKsPM0RYTsn88Hw,messenger,Sedrick Opulencia,Magandang gabi po,CASUAL_OR_GREETING,LOW,none,Unknown,[],2026-09-04T13:56:38.661+00:00
m_v5aki7FI5q1XQ4kYNJHUtdg6eG5Oh-YFV4phGSVs1XoldULdnlFHOxUclFN1i--GPoLvL0FNuWa_ehdrha2PGw,messenger,Samson Jefferson,Magandang gabi,CASUAL_OR_GREETING,LOW,none,Unknown,[],2026-09-04T15:57:37.736+00:00
m_DDuU3QOLYISQCBNafOjfNNg6eG5Oh-YFV4phGSVs1XoMRfjEOPTF_50hsybfOQgCX_bImsTy2qm-G1ZnM5ychA,messenger,Samson Jefferson,Magandang tanghali po,CASUAL_OR_GREETING,LOW,none,Unknown,[],2026-09-02T03:14:08.569+00:00
m_F0tkOLq6KmBJbXFwDejNWwojfMp8MaUUULmYoiIsQyL2H1b3vrUz2R73Ryu-BKSnBIrmVAGAUnjRepygoL449A,messenger,Sedrick Opulencia,Wla po slmt,FEEDBACK_OR_THANKS,LOW,none,Unknown,[],2026-09-08T06:27:49.624+00:00
09aee9fb-66fd-400d-a051-71385c5ba90b,messenger,Samson Jefferson,Salamat,FEEDBACK_OR_THANKS,LOW,none,Unknown,[],2026-08-29T21:16:53.961+00:00
06fb735f-b722-4b48-a3a9-cd7d90fcbb6f,messenger,Samson Jefferson,Salamat,FEEDBACK_OR_THANKS,LOW,none,Unknown,[],2026-08-29T21:32:39.457+00:00
1a758ae6-c45f-413f-8f0b-481bdac26e90,messenger,Samson Jefferson,Maraming salamat,FEEDBACK_OR_THANKS,LOW,none,Unknown,[],2026-08-29T21:37:53.588+00:00
2e11feb1-a063-47fc-b48f-bdb2660e1073,messenger,Samson Jefferson,Salamat,FEEDBACK_OR_THANKS,LOW,none,Unknown,[],2026-08-26T14:59:31.272+00:00
8927f840-cec0-4cd6-93d0-f696def683c4,messenger,Ocina John Paul,Thank you po,FEEDBACK_OR_THANKS,LOW,none,Unknown,[],2026-08-30T03:57:47.612+00:00
m_2iVHAu5dRYm34L8V7AQJtNg6eG5Oh-YFV4phGSVs1XoJ7Nmbw_MDrR-ZjgB6rkyfUCNmoivWKvDSTv0uaMKFxA,messenger,Samson Jefferson,Salamat po,FEEDBACK_OR_THANKS,LOW,none,Unknown,[],2026-09-02T04:11:31.241+00:00
681c2bfd-57ea-40eb-9e15-7ad5ca9bb663,messenger,Samson Jefferson,Tama ho salamat,FEEDBACK_OR_THANKS,LOW,none,Unknown,[],2026-08-24T06:30:10.808+00:00
m_A4fDLy-VQKf2-ku1mD9iXdg6eG5Oh-YFV4phGSVs1XrX5bcFiOTKXLi_BC8GpxzN7dfUvGaocQ0BSgvJsGwEuA,messenger,Samson Jefferson,Salamat din po,FEEDBACK_OR_THANKS,LOW,none,Unknown,[],2026-09-04T18:56:34.023+00:00
e20e326a-59ae-43e1-8fe6-57eb6950f060,messenger,Sedrick Opulencia,Salamat po at sana makapunta agad kayi,FEEDBACK_OR_THANKS,LOW,none,Unknown,[],2026-08-29T08:01:16.032+00:00
m_BRh4yPerxl1F1HW4rEhLvQojfMp8MaUUULmYoiIsQyKFnwPx7nb-zj69LIxzdVCEV0RsTaxcLNGcZdePuwcNfQ,messenger,Sedrick Opulencia,Salamat po,FEEDBACK_OR_THANKS,LOW,none,Unknown,[],2026-09-02T02:37:54.766+00:00
m_bX7M5fw5bf4TQ8v_Vl8NeAojfMp8MaUUULmYoiIsQyLMOFKTMQHCNqeV3qsLdxTHQGNyOUvjzgdTkEAQ8PXAKQ,messenger,Sedrick Opulencia,"Wala na po, thank u",FEEDBACK_OR_THANKS,LOW,none,Unknown,[],2026-09-06T10:32:59.42+00:00
1f8a01ed-b68e-4719-aff6-da5bc8f45bd2,messenger,Sedrick Opulencia,Maraming salamat po,FEEDBACK_OR_THANKS,LOW,none,Unknown,[],2026-08-24T03:44:03.033+00:00
b541cb4c-63ba-4ff7-8605-f6f513249cd1,messenger,Sedrick Opulencia,Salamat po,FEEDBACK_OR_THANKS,LOW,none,Unknown,[],2026-08-24T05:08:24.695+00:00
898d56e1-498b-43c8-934d-d52ea3c8b461,messenger,Sedrick Opulencia,Salamat po,FEEDBACK_OR_THANKS,LOW,none,Unknown,[],2026-08-25T03:24:20.804+00:00
5a79525e-48e7-44b9-9015-5b9744050ea3,messenger,Sedrick Opulencia,salamat  po,FEEDBACK_OR_THANKS,LOW,none,Unknown,[],2026-08-28T06:06:42.203+00:00
122113836501367137_1532104534909150,fb_comment,Responde Clone,"atin pong aaksyonan lahat sa abot ng aming makakaya, ang buong team ay gumagawa ng paraan para sa agarang aksyon at tulong, maraming salamat po.",FEEDBACK_OR_THANKS,LOW,none,Aya,[],2026-08-24T11:39:01
122113596819367137_27698353403198881,fb_comment,Unknown,thank u po sa mga volunteers galing pa ibang bayan tumulong d2 samin,FEEDBACK_OR_THANKS,LOW,none,Aya,[],2026-08-24T11:09:35
e4c54196-d7bc-487a-81b9-aa5f4a95dd7d,messenger,Samson Jefferson,0912312432,OTHER,LOW,none,Unknown,"[{""text"":""0912312432"",""label"":""CONTACT_NUMBER""}]",2026-08-25T04:04:13.925+00:00
m_TCBWCArgNPlf4rXY7SaFkAojfMp8MaUUULmYoiIsQyLpGQEJIg55XHVsJz_ElN_tQ12SKRxgGxB6HmHCqe16CA,messenger,Sedrick Opulencia,yoko na,OTHER,LOW,none,Unknown,[],2026-09-11T02:56:36.056+00:00
m_6lfa5KGg9yThDLKpuCgakQojfMp8MaUUULmYoiIsQyK6Jkao-viDsFGLw4iaxyKPR2QBUzDOuqOM9khfKW5SGg,messenger,Sedrick Opulencia,Tama po,OTHER,LOW,none,Unknown,[],2026-09-02T05:10:57.173+00:00
m_S9pbSSn5xdptvc-f3t0UHAojfMp8MaUUULmYoiIsQyL8bqL9jFEcRkvhZda3dRFiHpQ1ZTCHqGR6p-1oKRatgA,messenger,Sedrick Opulencia,May alam po kayong basketballan dito sa Santa Maria?,OTHER,LOW,none,Santa Maria,"[{""text"":""basketballan"",""label"":""LOCATION""},{""text"":""Santa Maria"",""label"":""LOCATION""}]",2026-09-08T06:25:04.932+00:00
m_phpTOUeuCWQtOzaujFXQjgojfMp8MaUUULmYoiIsQyJMSLlHRIT4Fu28Y9JqHk7l0pEkRaaPxVmMKOGDNjMGLQ,messenger,Sedrick Opulencia,Ang contact number ko po ay 09827273636,OTHER,LOW,none,Unknown,"[{""text"":""09827273636"",""label"":""CONTACT_NUMBER""}]",2026-09-12T02:45:17.669+00:00
m_X_rKw8rdB7NeyTmhAe2GKQojfMp8MaUUULmYoiIsQyIGDPfBOZLVh0Ov7EHdd8Cj8L0VPFCQM_d0za4uoMhgbw,messenger,Sedrick Opulencia,"Malapit po ito sa kanto, dun sa may mga nagsasabong",OTHER,LOW,none,Unknown,"[{""text"":""kanto"",""label"":""LOCATION""}]",2026-09-12T02:45:19.765+00:00
6e16f771-2e31-403c-a2a9-812550fbc0f6,messenger,Sedrick Opulencia,hanapin nyo lang po ang tindahan na may pangalang Aling Santos,OTHER,LOW,none,Unknown,"[{""text"":""tindahan na may pangalang Aling Santos"",""label"":""LOCATION""},{""text"":""Aling Santos"",""label"":""PERSON_NAME""}]",2026-08-28T01:51:05.127+00:00
m_eP9sfA1oSS23rEDg7xu3_AojfMp8MaUUULmYoiIsQyIAOFupUdO4esHN7GdAzyVNOCr1Kd_7S0OBdAahZcJnpA,messenger,Sedrick Opulencia,"Taga Barangay Quiling po ako, malapit po ang bahay namin sa daycare center",OTHER,LOW,none,Quiling,"[{""text"":""Barangay Quiling"",""label"":""LOCATION""},{""text"":""daycare center"",""label"":""LOCATION""}]",2026-09-02T07:56:19.728+00:00
m_mpId7wHC9159hkZqVhoUFwojfMp8MaUUULmYoiIsQyKM4Wj_pEBsB07CMP08y1-mcu3YfmHSFNlf_lnQ05uQ3Q,messenger,Sedrick Opulencia,Ito din pala po ang contact number ko 09737337661,OTHER,LOW,none,Unknown,"[{""text"":""09737337661"",""label"":""CONTACT_NUMBER""}]",2026-09-02T07:56:53.776+00:00
7c34abef-8bab-4d1f-b10a-2d17fe125aef,messenger,Samson Jefferson,Pacheck kung kumpleto ang detalye ko,OTHER,LOW,none,Unknown,[],2026-08-29T20:25:14.861+00:00
m_FIizvKSzmJlD1uWH7vXwCgojfMp8MaUUULmYoiIsQyIhyMYac84Tpg8lzlwKxi7q3QVIO9a-dAZDnMiYdupoEw,messenger,Sedrick Opulencia,Tama po,OTHER,LOW,none,Unknown,[],2026-09-02T07:57:37.847+00:00
f681937e-4cdf-4d1c-a5ec-69d26d0d075d,messenger,Ocina John Paul,???,OTHER,LOW,none,Unknown,[],2026-08-26T13:05:51.532+00:00
6c24c0df-35b5-4420-86f1-129522596855,messenger,Sedrick Opulencia,Talisay Barangay Quiling,OTHER,LOW,none,Quiling,"[{""text"":""Talisay Barangay Quiling"",""label"":""LOCATION""}]",2026-08-24T08:16:34.298+00:00
m_cW6rJnWPkoFZkQaXCp0StQojfMp8MaUUULmYoiIsQyIykptHj3is4RepevfmtR5ZNfZVFX_UM5BC3z0fjLZBKA,messenger,Sedrick Opulencia,Tama po,OTHER,LOW,none,Unknown,[],2026-09-12T02:46:40.691+00:00
m_kVzixs7TqdrJ-tz5jaTluAojfMp8MaUUULmYoiIsQyJUKCJCG8qXaUKhi9o6wa8a0D7OTmusP2Nd1k6-13_spg,messenger,Sedrick Opulencia,Tarantado,OTHER,LOW,none,Unknown,[],2026-09-08T12:24:38.103+00:00
m_yM_nq2i_fphf5Dc3v09aeAojfMp8MaUUULmYoiIsQyLgtaVILwYtb5Y9oJGaovmVrjS7YV8bsIkZRuKOhfVI5g,messenger,Sedrick Opulencia,Tulong po may tanong ako,STATUS_INQUIRY,LOW,none,Unknown,[],2026-09-08T06:03:16.15+00:00
m_ExYFFLyFPzPjOUaA9p6cFgojfMp8MaUUULmYoiIsQyLRMp74tIyMUxcIhpU4VNKhTCAieK977hnjiGtdEV-rtg,messenger,Sedrick Opulencia,Meron po akong tanong,STATUS_INQUIRY,LOW,none,Unknown,[],2026-09-08T06:04:24.526+00:00
m_4jaXy8X7CC8Ilo0qDyQoqwojfMp8MaUUULmYoiIsQyJJE2fwyq0nvq76eSQhRUBjbySNYvrCBGZkj0185nG8Ew,messenger,Sedrick Opulencia,Goodmorning po may alam kayong vaccination center dito sa Tumaway?,STATUS_INQUIRY,LOW,none,Tumaway,"[{""text"":""Tumaway"",""label"":""LOCATION""}]",2026-09-09T01:59:07.85+00:00
122113596819367137_1098035299230871,fb_comment,Unknown,Is there a doctor currently on duty at the evacuation center in Brgy. Aya?,STATUS_INQUIRY,LOW,none,Aya,"[{""text"":""evacuation center"",""label"":""LOCATION""},{""text"":""Brgy. Aya"",""label"":""LOCATION""}]",2026-08-24T13:33:59
122113836501367137_1268618838644341,fb_comment,Unknown,hi po😄 ask ko lng kung san po pwd magdonate ng relief goods para sa Brgy Buco,STATUS_INQUIRY,LOW,none,Buco,"[{""text"":""Brgy Buco"",""label"":""LOCATION""}]",2026-08-28T12:36:11
122114578179367137_1089722613394438,fb_comment,Unknown,"Gano po katagal pa ang class suspension dine sa Brgy St. Maria, may text update na po ba?",STATUS_INQUIRY,LOW,none,Santa Maria,"[{""text"":""Brgy St. Maria"",""label"":""LOCATION""}]",2026-09-01T09:05:07
122115019251367137_1622516702629520,fb_comment,Samson Jefferson,Bakit po wala parin rescue nag pm po ako,STATUS_INQUIRY,HIGH,none,Unknown,[],2026-09-03T00:58:09
122113836501367137_1344726604313028,fb_comment,Samson Jefferson,Ang tagal po ng rescue team nyo nilalamig naho kami may pm po ako,STATUS_INQUIRY,HIGH,none,Unknown,[],2026-09-03T00:59:00
synth_earthquake_20ddb4de_1,synthetic,Resident of Talisay,Ala eh napakalakas nung lindol dine sa Sampaloc! Gumuho po ang pader ng kapitbahay namin na si Aling Rosa. Tumawag po kayo ng rescue 09171234567!,EMERGENCY_REPORT,HIGH,earthquake,Sampaloc,"[{""text"":""lindol"",""label"":""INCIDENT""},{""text"":""Sampaloc"",""label"":""LOCATION""},{""text"":""Gumuho po ang pader"",""label"":""INCIDENT""},{""text"":""Aling Rosa"",""label"":""PERSON_NAME""},{""text"":""09171234567"",""label"":""CONTACT_NUMBER""}]",2026-09-09T01:13:56.209Z
synth_earthquake_12ce5f8d_2,synthetic,Resident of Talisay,"Nayanig nang husto ireng Aya, may nabagsakan ng hollow blocks na bata si Junjun. Kelangan po ng ambulansya agad!!",CASUALTY_REPORT,CRITICAL,earthquake,Aya,"[{""text"":""Nayanig"",""label"":""INCIDENT""},{""text"":""Aya"",""label"":""LOCATION""},{""text"":""nabagsakan ng hollow blocks"",""label"":""INCIDENT""},{""text"":""Junjun"",""label"":""PERSON_NAME""}]",2026-09-11T06:16:55.492Z
synth_earthquake_676b6434_3,synthetic,Resident of Talisay,Kamusta po ang daan banda sa Brgy Tranca? Safe na ga daanan at may pagguho daw ng lupa dahil sa lindol?,STATUS_INQUIRY,LOW,earthquake,Tranca,"[{""text"":""Brgy Tranca"",""label"":""LOCATION""},{""text"":""pagguho daw ng lupa"",""label"":""INCIDENT""},{""text"":""lindol"",""label"":""INCIDENT""}]",2026-09-12T14:05:09.042Z
synth_earthquake_a8e28cdb_4,synthetic,Resident of Talisay,May malaking crack na po ang riprap sa may lawa dine sa Balas matapos ang pagyanig. Hingi po sana kami ng saklolo at evacuation tent para sa mga pamilya dito.,RESOURCE_REQUEST,HIGH,earthquake,Balas,"[{""text"":""crack na po ang riprap"",""label"":""INCIDENT""},{""text"":""Balas"",""label"":""LOCATION""},{""text"":""pagyanig"",""label"":""INCIDENT""}]",2026-09-12T10:30:08.991Z
synth_earthquake_afbb8028_5,synthetic,Resident of Talisay,Tulong po! Naipit ang lolo ko na si Mang Lito sa loob ng bahay nung lumindol dine sa Banga. Pls responder paki-contact si Kapitan sa 09289876543!,EMERGENCY_REPORT,CRITICAL,earthquake,Banga,"[{""text"":""Naipit"",""label"":""INCIDENT""},{""text"":""Mang Lito"",""label"":""PERSON_NAME""},{""text"":""lumindol"",""label"":""INCIDENT""},{""text"":""Banga"",""label"":""LOCATION""},{""text"":""09289876543"",""label"":""CONTACT_NUMBER""}]",2026-09-11T17:12:30.103Z
synth_earthquake_5cb53817_6,synthetic,Resident of Talisay,May clearing team na ga na papunta sa Poblacion Barangay 4? Na-block po kasi ng fallen debris at poste ang kalsada matapos maglindol.,STATUS_INQUIRY,MEDIUM,earthquake,Poblacion Barangay 4,"[{""text"":""Poblacion Barangay 4"",""label"":""LOCATION""},{""text"":""fallen debris at poste"",""label"":""INCIDENT""},{""text"":""maglindol"",""label"":""INCIDENT""}]",2026-09-10T14:53:07.796Z
synth_earthquake_30d9367d_7,synthetic,Resident of Talisay,Pakiusap po kailangan namin ng maiinom na tubig at first aid kit dine sa evacuation center sa Buco. Dami pong nasugatan nung lumindol kanina.,RESOURCE_REQUEST,HIGH,earthquake,Buco,"[{""text"":""Buco"",""label"":""LOCATION""},{""text"":""nasugatan"",""label"":""INCIDENT""},{""text"":""lumindol"",""label"":""INCIDENT""}]",2026-09-09T15:58:25.511Z
synth_earthquake_04261c0f_8,synthetic,Resident of Talisay,Confirm po kung patay na si Mang Berto? Nabagsakan daw ng poste sa Quiling dahil sa malakas na lindol kanina.,CASUALTY_REPORT,CRITICAL,earthquake,Quiling,"[{""text"":""Mang Berto"",""label"":""PERSON_NAME""},{""text"":""Nabagsakan daw ng poste"",""label"":""INCIDENT""},{""text"":""Quiling"",""label"":""LOCATION""},{""text"":""lindol"",""label"":""INCIDENT""}]",2026-09-08T19:16:42.577Z
synth_earthquake_c46781d0_9,synthetic,Resident of Talisay,Naramdaman nyo din ga ang matinding pagyanig sa Tumaway? May mga sira na bahay ba sa inyo?,STATUS_INQUIRY,LOW,earthquake,Tumaway,"[{""text"":""pagyanig"",""label"":""INCIDENT""},{""text"":""Tumaway"",""label"":""LOCATION""},{""text"":""sira na bahay"",""label"":""INCIDENT""}]",2026-09-06T07:14:16.872Z
synth_earthquake_de6fa0c0_10,synthetic,Resident of Talisay,"SOS! May gumuho na lupa sa bundok malapit sa Leynes dahil sa lindol. May 2 taong nawawala, tawagan nyo po si Ana sa 09051112233.",EMERGENCY_REPORT,CRITICAL,earthquake,Leynes,"[{""text"":""gumuho na lupa"",""label"":""INCIDENT""},{""text"":""Leynes"",""label"":""LOCATION""},{""text"":""lindol"",""label"":""INCIDENT""},{""text"":""Ana"",""label"":""PERSON_NAME""},{""text"":""09051112233"",""label"":""CONTACT_NUMBER""}]",2026-09-06T05:00:50.233Z
synth_earthquake_a337e218_11,synthetic,Resident of Talisay,Ala eh ang lakas ng lindol dine sa Barangay Sampaloc! May gumuho pong pader malapit sa Health Center. Tumawag po kayo sa 09171234567 para makausap si Kapitan Mario.,EMERGENCY_REPORT,HIGH,earthquake,Sampaloc,"[{""text"":""lindol"",""label"":""INCIDENT""},{""text"":""Barangay Sampaloc"",""label"":""LOCATION""},{""text"":""gumuho pong pader"",""label"":""INCIDENT""},{""text"":""Health Center"",""label"":""LOCATION""},{""text"":""09171234567"",""label"":""CONTACT_NUMBER""},{""text"":""Kapitan Mario"",""label"":""PERSON_NAME""}]",2026-09-07T14:49:43.857Z
synth_earthquake_f2f4df63_12,synthetic,Resident of Talisay,"Nayanig nang husto ireng Leynes. May naipit po na matanda sa loob ng bahay dahil sa pagguho ng pader, tulungan nyo po si Lolo Pedro! Responde agad pls!",CASUALTY_REPORT,CRITICAL,earthquake,Leynes,"[{""text"":""Nayanig"",""label"":""INCIDENT""},{""text"":""Leynes"",""label"":""LOCATION""},{""text"":""pagguho ng pader"",""label"":""INCIDENT""},{""text"":""Lolo Pedro"",""label"":""PERSON_NAME""}]",2026-09-07T22:06:56.364Z
synth_earthquake_95c6b353_13,synthetic,Resident of Talisay,Kailangan po namin ng maiinom na tubig at first aid kit dine sa evacuation center sa Brgy. Tumaway matapos nung malakas na lindol.,RESOURCE_REQUEST,MEDIUM,earthquake,Tumaway,"[{""text"":""evacuation center"",""label"":""LOCATION""},{""text"":""Brgy. Tumaway"",""label"":""LOCATION""},{""text"":""lindol"",""label"":""INCIDENT""}]",2026-09-07T12:13:51.266Z
synth_earthquake_ef94f09d_14,synthetic,Resident of Talisay,Kumusta po ang kalagayan ng daan patungong Tranca? May pagguho ba ng lupa gawa ng lindol kanina? Mag-aabot lang po sana kami ng tulong.,STATUS_INQUIRY,LOW,earthquake,Tranca,"[{""text"":""Tranca"",""label"":""LOCATION""},{""text"":""pagguho ba ng lupa"",""label"":""INCIDENT""},{""text"":""lindol"",""label"":""INCIDENT""}]",2026-09-12T07:09:26.047Z
synth_earthquake_d68074b6_15,synthetic,Resident of Talisay,May malaking crack na po ang riprap malapit sa lawa sa Balas nung nayanig kanina. Nakatatakot baka gumuho na. Tawagan nyo po si Kagawad Juana sa 09208889999.,EMERGENCY_REPORT,HIGH,earthquake,Balas,"[{""text"":""crack na po ang riprap"",""label"":""INCIDENT""},{""text"":""riprap malapit sa lawa"",""label"":""LOCATION""},{""text"":""Balas"",""label"":""LOCATION""},{""text"":""nayanig"",""label"":""INCIDENT""},{""text"":""Kagawad Juana"",""label"":""PERSON_NAME""},{""text"":""09208889999"",""label"":""CONTACT_NUMBER""}]",2026-09-06T02:33:32.372Z
synth_earthquake_c40766db_16,synthetic,Resident of Talisay,Nayanig po nang matindi ireng Poblacion Barangay 3. May sugatan po si Mang Jose gawa ng nahulog na tisang bubong. Emergency responders paki-responde!,CASUALTY_REPORT,CRITICAL,earthquake,Poblacion Barangay 3,"[{""text"":""Nayanig"",""label"":""INCIDENT""},{""text"":""Poblacion Barangay 3"",""label"":""LOCATION""},{""text"":""sugatan"",""label"":""INCIDENT""},{""text"":""Mang Jose"",""label"":""PERSON_NAME""},{""text"":""nahulog na tisang bubong"",""label"":""INCIDENT""}]",2026-09-07T22:04:00.673Z
synth_earthquake_54d93627_17,synthetic,Resident of Talisay,Ano ga ang balita sa Miranda matapos ang lindol? Ligtas po ba ang mga tao dyan malapit sa covered court?,STATUS_INQUIRY,LOW,earthquake,Miranda,"[{""text"":""Miranda"",""label"":""LOCATION""},{""text"":""lindol"",""label"":""INCIDENT""},{""text"":""covered court"",""label"":""LOCATION""}]",2026-09-10T13:04:39.336Z
synth_earthquake_65a6fbf8_18,synthetic,Resident of Talisay,Tulong po!! Gumuho ang bahay namin sa Aya dahil sa tremor. Trapped po ang kapatid ko na si Ana Dimaano. Contact 09187654321 dali!,CASUALTY_REPORT,CRITICAL,earthquake,Aya,"[{""text"":""Gumuho ang bahay"",""label"":""INCIDENT""},{""text"":""Aya"",""label"":""LOCATION""},{""text"":""tremor"",""label"":""INCIDENT""},{""text"":""Ana Dimaano"",""label"":""PERSON_NAME""},{""text"":""09187654321"",""label"":""CONTACT_NUMBER""}]",2026-09-08T09:47:46.329Z
synth_earthquake_9932864e_19,synthetic,Resident of Talisay,Nanghihingi po kami ng mga terpal at pagkain para sa mga pamilyang nasa labas ng bahay dine sa Buco. Ayaw pa bumalik gawa ng aftershocks.,RESOURCE_REQUEST,HIGH,earthquake,Buco,"[{""text"":""Buco"",""label"":""LOCATION""},{""text"":""aftershocks"",""label"":""INCIDENT""}]",2026-09-10T17:52:31.113Z
synth_earthquake_d4970199_20,synthetic,Resident of Talisay,May mga poste po ng kuryente na nakatagilid at delikado nang matumba sa Caloocan gawa ng lindol. Paki-check po agad ng BFP or Meralco.,EMERGENCY_REPORT,HIGH,earthquake,Caloocan,"[{""text"":""poste po ng kuryente na nakatagilid at delikado nang matumba"",""label"":""INCIDENT""},{""text"":""Caloocan"",""label"":""LOCATION""},{""text"":""lindol"",""label"":""INCIDENT""}]",2026-09-07T10:00:57.789Z
synth_earthquake_dda705ae_21,synthetic,Resident of Talisay,Ala eh ang lakas ng lindol dine sa Brgy Aya! Guho ang pader sa may kalsada malapit kina Mang Juan. May kalakihan ang crack sa kalsada.,EMERGENCY_REPORT,HIGH,earthquake,Aya,"[{""text"":""lindol"",""label"":""INCIDENT""},{""text"":""Brgy Aya"",""label"":""LOCATION""},{""text"":""Guho ang pader"",""label"":""INCIDENT""},{""text"":""Mang Juan"",""label"":""PERSON_NAME""},{""text"":""crack sa kalsada"",""label"":""INCIDENT""}]",2026-09-12T05:08:55.425Z
synth_earthquake_a70d28ef_22,synthetic,Resident of Talisay,Tulong po! Nabagsakan ng hollowblocks si Aling Maria Santos sa Brgy Sampaloc nung lumindol. Duguan po siya at hindi makagalaw. Tumawag po kami sa 09171234567 paki-rush ang ambulansya!,CASUALTY_REPORT,CRITICAL,earthquake,Sampaloc,"[{""text"":""Nabagsakan ng hollowblocks"",""label"":""INCIDENT""},{""text"":""Aling Maria Santos"",""label"":""PERSON_NAME""},{""text"":""Brgy Sampaloc"",""label"":""LOCATION""},{""text"":""lumindol"",""label"":""INCIDENT""},{""text"":""09171234567"",""label"":""CONTACT_NUMBER""}]",2026-09-09T18:21:31.882Z
synth_earthquake_2db83289_23,synthetic,Resident of Talisay,Kailangan po namin ng emergency first aid kit at stretcher sa Poblacion Barangay 4. Nayanig nang husto ang lumang bahay at may nasugatan po na matanda.,RESOURCE_REQUEST,HIGH,earthquake,Poblacion Barangay 4,"[{""text"":""Poblacion Barangay 4"",""label"":""LOCATION""},{""text"":""Nayanig"",""label"":""INCIDENT""},{""text"":""nasugatan"",""label"":""INCIDENT""}]",2026-09-07T05:30:59.041Z
synth_earthquake_2e1a4305_24,synthetic,Resident of Talisay,Kumusta po ang sitwasyon sa Buco matapos ang lindol? Ligtas po ga ang daan papuntang Tagaytay ridge?,STATUS_INQUIRY,LOW,earthquake,Buco,"[{""text"":""Buco"",""label"":""LOCATION""},{""text"":""lindol"",""label"":""INCIDENT""},{""text"":""Tagaytay ridge"",""label"":""LOCATION""}]",2026-09-11T23:07:49.753Z
synth_earthquake_b25a4559_25,synthetic,Resident of Talisay,May landslide po sa may bangko ng lawa sa Brgy Banga dahil sa malakas na yanig! May dalawang kubo ang natabunan. Tulungan nyo po kami!,EMERGENCY_REPORT,CRITICAL,earthquake,Banga,"[{""text"":""landslide"",""label"":""INCIDENT""},{""text"":""Brgy Banga"",""label"":""LOCATION""},{""text"":""yanig"",""label"":""INCIDENT""},{""text"":""dalawang kubo ang natabunan"",""label"":""INCIDENT""}]",2026-09-08T07:30:27.782Z
synth_earthquake_4c841e17_26,synthetic,Resident of Talisay,"Nasa evacuation area po kami sa Brgy Tranca chapel. Kailangan po ng maiinom na tubig at kumot para sa mga bata, grabe ang matinding aftershocks dine.",RESOURCE_REQUEST,MEDIUM,earthquake,Tranca,"[{""text"":""Brgy Tranca chapel"",""label"":""LOCATION""},{""text"":""aftershocks"",""label"":""INCIDENT""}]",2026-09-06T14:03:34.722Z
synth_earthquake_85f94954_27,synthetic,Resident of Talisay,Nakulong po si Mang Pedro Reyes sa loob ng naguhong tindahan sa Caloocan nung lumindol kani-kanina lang. Pakikontak po ang rescue team sa 09289876543!,CASUALTY_REPORT,CRITICAL,earthquake,Caloocan,"[{""text"":""Mang Pedro Reyes"",""label"":""PERSON_NAME""},{""text"":""naguhong tindahan"",""label"":""INCIDENT""},{""text"":""Caloocan"",""label"":""LOCATION""},{""text"":""lumindol"",""label"":""INCIDENT""},{""text"":""09289876543"",""label"":""CONTACT_NUMBER""}]",2026-09-08T07:21:22.178Z
synth_earthquake_bb6ccaf5_28,synthetic,Resident of Talisay,May kuryente na po ga sa Tumaway? Naputol ang linya ng ilaw nung nayanig ireng lugar namin.,STATUS_INQUIRY,MEDIUM,earthquake,Tumaway,"[{""text"":""Tumaway"",""label"":""LOCATION""},{""text"":""Naputol ang linya ng ilaw"",""label"":""INCIDENT""},{""text"":""nayanig"",""label"":""INCIDENT""}]",2026-09-11T11:42:50.636Z
synth_earthquake_2abf1465_29,synthetic,Resident of Talisay,"Warning po sa mga nadadaan sa Quiling, lumundo at may malaking lamat ang semento sa kalsada pagkatapos ng lindol. Baka po bumigay pag may dumaan na truck.",EMERGENCY_REPORT,HIGH,earthquake,Quiling,"[{""text"":""Quiling"",""label"":""LOCATION""},{""text"":""malaking lamat ang semento sa kalsada"",""label"":""INCIDENT""},{""text"":""lindol"",""label"":""INCIDENT""}]",2026-09-07T23:35:34.682Z
synth_earthquake_65a87c11_30,synthetic,Resident of Talisay,Paki-padala naman po ng mga flashlight at tent sa Balas basketball court. Marami pong pamilya ang takot pumasok sa bahay dahil sa paulit-ulit na pagyanig.,RESOURCE_REQUEST,HIGH,earthquake,Balas,"[{""text"":""Balas basketball court"",""label"":""LOCATION""},{""text"":""pagyanig"",""label"":""INCIDENT""}]",2026-09-06T16:09:10.237Z
synth_fire_4c676c5a_1,synthetic,Resident of Talisay,Ala eh Responde! May sunog dine sa Poblacion Barangay 3 malapit sa palengke! Lumalaki na ang apoy sa bahay ni Aling Marites!,EMERGENCY_REPORT,CRITICAL,fire,Poblacion Barangay 3,"[{""text"":""sunog"",""label"":""INCIDENT""},{""text"":""Poblacion Barangay 3"",""label"":""LOCATION""},{""text"":""palengke"",""label"":""LOCATION""},{""text"":""apoy"",""label"":""INCIDENT""},{""text"":""Aling Marites"",""label"":""PERSON_NAME""}]",2026-09-11T13:51:46.930Z
synth_fire_b39feed5_2,synthetic,Resident of Talisay,Kailangan po namin ng bumbero at pamatay sunog sa Brgy. Sampaloc! Nasusunog na ireng bodega ng kopra. Tawagan nyo po si Mang Bert 09171234567,RESOURCE_REQUEST,CRITICAL,fire,Sampaloc,"[{""text"":""Brgy. Sampaloc"",""label"":""LOCATION""},{""text"":""Nasusunog"",""label"":""INCIDENT""},{""text"":""Mang Bert"",""label"":""PERSON_NAME""},{""text"":""09171234567"",""label"":""CONTACT_NUMBER""}]",2026-09-11T23:22:51.207Z
synth_fire_5ea72429_3,synthetic,Resident of Talisay,May nakulong po sa loob ng nasusunog na bahay sa Barangay Aya! Si Lolo Cardo po hindi makalabas. Tulong pls!,CASUALTY_REPORT,CRITICAL,fire,Aya,"[{""text"":""nasusunog na bahay"",""label"":""INCIDENT""},{""text"":""Barangay Aya"",""label"":""LOCATION""},{""text"":""Lolo Cardo"",""label"":""PERSON_NAME""}]",2026-09-08T18:21:13.697Z
synth_fire_5b8f7d44_4,synthetic,Resident of Talisay,May sunog ga sa bundok malapit sa Brgy Tranca? Bakit parang may usok na matindi galing sa itaas?,STATUS_INQUIRY,MEDIUM,fire,Tranca,"[{""text"":""sunog"",""label"":""INCIDENT""},{""text"":""Brgy Tranca"",""label"":""LOCATION""},{""text"":""usok"",""label"":""INCIDENT""}]",2026-09-11T20:58:07.591Z
synth_fire_549b76ee_5,synthetic,Resident of Talisay,Tulong po! May grassfire dine sa Banga malapit sa shoreline ng Taal Lake. Papalapit na sa mga kubo nina Mang Juan.,EMERGENCY_REPORT,HIGH,fire,Banga,"[{""text"":""grassfire"",""label"":""INCIDENT""},{""text"":""Banga"",""label"":""LOCATION""},{""text"":""Taal Lake"",""label"":""LOCATION""},{""text"":""Mang Juan"",""label"":""PERSON_NAME""}]",2026-09-12T21:31:13.474Z
synth_fire_97717d8b_6,synthetic,Resident of Talisay,Napasuong sa apoy si Nardo dine sa Tumaway habang sumusugpo ng sunog sa kalan. Kailangan ng ambulansya 09189876543!,CASUALTY_REPORT,HIGH,fire,Tumaway,"[{""text"":""apoy"",""label"":""INCIDENT""},{""text"":""Nardo"",""label"":""PERSON_NAME""},{""text"":""Tumaway"",""label"":""LOCATION""},{""text"":""sunog sa kalan"",""label"":""INCIDENT""},{""text"":""09189876543"",""label"":""CONTACT_NUMBER""}]",2026-09-12T15:59:20.036Z
synth_fire_55dec242_7,synthetic,Resident of Talisay,Nadamay po bahay namin sa sunog sa Caloocan. Pahingi naman po ng relief supplies at matutulugan at nadamay din si Juana.,RESOURCE_REQUEST,HIGH,fire,Caloocan,"[{""text"":""sunog"",""label"":""INCIDENT""},{""text"":""Caloocan"",""label"":""LOCATION""},{""text"":""Juana"",""label"":""PERSON_NAME""}]",2026-09-11T16:33:18.716Z
synth_fire_1c0ac3df_8,synthetic,Resident of Talisay,Ala eh nagniningas ang poste ng kuryente dine sa Balas! Baka sumabog at magkasunog sa kalapit na mga bahay!,EMERGENCY_REPORT,HIGH,fire,Balas,"[{""text"":""nagniningas ang poste ng kuryente"",""label"":""INCIDENT""},{""text"":""Balas"",""label"":""LOCATION""},{""text"":""magkasunog"",""label"":""INCIDENT""}]",2026-09-07T07:13:25.226Z
synth_fire_68c1bdb5_9,synthetic,Resident of Talisay,Controlled na ga ireng sunog sa Brgy Leynes? Pwede na ga umuwi galing evacuation center?,STATUS_INQUIRY,LOW,fire,Leynes,"[{""text"":""sunog"",""label"":""INCIDENT""},{""text"":""Brgy Leynes"",""label"":""LOCATION""},{""text"":""evacuation center"",""label"":""LOCATION""}]",2026-09-08T00:33:26.185Z
synth_fire_73c4a2d2_10,synthetic,Resident of Talisay,"Sunog sa Quiling! Tabi ng kapilya! Tumawag na kayo ng bumbero pakiusap, kontakin nyo si Kapitan Tomas sa 09201112233!",EMERGENCY_REPORT,CRITICAL,fire,Quiling,"[{""text"":""Sunog"",""label"":""INCIDENT""},{""text"":""Quiling"",""label"":""LOCATION""},{""text"":""kapilya"",""label"":""LOCATION""},{""text"":""Kapitan Tomas"",""label"":""PERSON_NAME""},{""text"":""09201112233"",""label"":""CONTACT_NUMBER""}]",2026-09-12T22:37:57.226Z
synth_fire_3ffbcd1c_11,synthetic,Resident of Talisay,Ala eh tulong! May malaking sunog dine sa Brgy Sampaloc malapit sa barangay hall! Tumawag na kayo ng bumbero!,EMERGENCY_REPORT,CRITICAL,fire,Sampaloc,"[{""text"":""sunog"",""label"":""INCIDENT""},{""text"":""Brgy Sampaloc"",""label"":""LOCATION""},{""text"":""barangay hall"",""label"":""LOCATION""}]",2026-09-07T10:02:37.202Z
synth_fire_e50046ed_12,synthetic,Resident of Talisay,May nasusunog na bahay ire sa Caloocan! Si Mang Tomas po ay trapped sa loob. Tawagan nyo po si 09171234567 dali!,CASUALTY_REPORT,CRITICAL,fire,Caloocan,"[{""text"":""nasusunog na bahay"",""label"":""INCIDENT""},{""text"":""Caloocan"",""label"":""LOCATION""},{""text"":""Mang Tomas"",""label"":""PERSON_NAME""},{""text"":""09171234567"",""label"":""CONTACT_NUMBER""}]",2026-09-11T20:50:34.866Z
synth_fire_962c3f57_13,synthetic,Resident of Talisay,Kailangan po namin ng fire truck at tubig dine sa Leynes! Kumakalat na ang apoy sa katabing tindahan!,RESOURCE_REQUEST,HIGH,fire,Leynes,"[{""text"":""Leynes"",""label"":""LOCATION""},{""text"":""apoy"",""label"":""INCIDENT""}]",2026-09-10T12:30:59.262Z
synth_fire_76ba8b61_14,synthetic,Resident of Talisay,May sunog po ga sa Poblacion Barangay 3? Naaamoy namin ang usok mula sa covered court.,STATUS_INQUIRY,MEDIUM,fire,Poblacion Barangay 3,"[{""text"":""sunog"",""label"":""INCIDENT""},{""text"":""Poblacion Barangay 3"",""label"":""LOCATION""},{""text"":""covered court"",""label"":""LOCATION""}]",2026-09-07T04:59:29.513Z
synth_fire_22413924_15,synthetic,Resident of Talisay,"Responde po agad sa Banga, nasunog ang kusina ni Aling Nena! Tawag kayo sa 09289876543.",EMERGENCY_REPORT,HIGH,fire,Banga,"[{""text"":""Banga"",""label"":""LOCATION""},{""text"":""nasunog ang kusina"",""label"":""INCIDENT""},{""text"":""Aling Nena"",""label"":""PERSON_NAME""},{""text"":""09289876543"",""label"":""CONTACT_NUMBER""}]",2026-09-10T01:06:59.320Z
synth_fire_17a8948e_16,synthetic,Resident of Talisay,Nako ala eh lumalaki na ang dapo ng apoy dine sa San Guillermo! Dalhin nyo po yung fire extinguisher at responders!,RESOURCE_REQUEST,HIGH,fire,San Guillermo,"[{""text"":""apoy"",""label"":""INCIDENT""},{""text"":""San Guillermo"",""label"":""LOCATION""}]",2026-09-09T09:08:45.715Z
synth_fire_f0f5a4a5_17,synthetic,Resident of Talisay,Naapula na ga ang sunog sa Aya? Nag-aalala kami para sa bahay ni Kapitan.,STATUS_INQUIRY,LOW,fire,Aya,"[{""text"":""sunog"",""label"":""INCIDENT""},{""text"":""Aya"",""label"":""LOCATION""}]",2026-09-12T14:54:43.360Z
synth_fire_c2b347b3_18,synthetic,Resident of Talisay,Tulong po! May dalawang sugatan na napaso dahil sa lakas ng sunog dine sa Quiling. Hanapin si Doc Santos!,CASUALTY_REPORT,CRITICAL,fire,Quiling,"[{""text"":""sugatan na napaso"",""label"":""INCIDENT""},{""text"":""sunog"",""label"":""INCIDENT""},{""text"":""Quiling"",""label"":""LOCATION""},{""text"":""Doc Santos"",""label"":""PERSON_NAME""}]",2026-09-07T15:16:54.461Z
synth_fire_b4420743_19,synthetic,Resident of Talisay,Emergency! Nasusunog na ang linya ng kuryente sa Tumaway gilid ng tulay. Pls magpadala ng BFP!,EMERGENCY_REPORT,CRITICAL,fire,Tumaway,"[{""text"":""Nasusunog na ang linya ng kuryente"",""label"":""INCIDENT""},{""text"":""Tumaway"",""label"":""LOCATION""},{""text"":""tulay"",""label"":""LOCATION""}]",2026-09-07T09:49:08.731Z
synth_fire_9b551312_20,synthetic,Resident of Talisay,Kailangan namin ng karagdagang oxygen tank at first aid kit sa Brgy Hall ng Poblacion Barangay 8 dahil sa maraming nahimatay sa usok mula sa sunog.,RESOURCE_REQUEST,HIGH,fire,Poblacion Barangay 8,"[{""text"":""Brgy Hall ng Poblacion Barangay 8"",""label"":""LOCATION""},{""text"":""nahimatay sa usok"",""label"":""INCIDENT""},{""text"":""sunog"",""label"":""INCIDENT""}]",2026-09-07T20:22:06.402Z
synth_fire_18ee6893_21,synthetic,Renato Balmes,May malaking sunog po dine sa Purok 3 ng Brgy Banga! Mabilis kumakalat ang apoy dahil sa hangin! Bumbero po agad! Tawag kay Renato Balmes 09853490802!,EMERGENCY_REPORT,CRITICAL,fire,Banga,"[{""text"":""Banga"",""label"":""LOCATION""},{""text"":""Renato Balmes"",""label"":""PERSON_NAME""},{""text"":""09853490802"",""label"":""CONTACT_NUMBER""}]",2026-09-07T22:55:27.804Z
synth_fire_9e59118e_22,synthetic,Justine Villegas,Grassfire / sunog sa talahiban dito sa bundok malapit sa Poblacion Barangay 8. Papalapit na po ang apoy sa mga kabahayan! Responde please! Justine Villegas 09520875741,EMERGENCY_REPORT,CRITICAL,fire,Poblacion Barangay 8,"[{""text"":""Poblacion Barangay 8"",""label"":""LOCATION""},{""text"":""Justine Villegas"",""label"":""PERSON_NAME""},{""text"":""09520875741"",""label"":""CONTACT_NUMBER""}]",2026-09-12T16:17:38.745Z
synth_typhoon_2995e778_1,synthetic,Rodel De Castro,"Napakalakas po ng bugso ng hangin ng bagyo dito sa Poblacion Barangay 7, nilipad na po ang bubong ng bahay namin! Bumabagyo po ng husto, pakirescue po kami! Rodel De Castro - 09220893454",EMERGENCY_REPORT,CRITICAL,typhoon,Poblacion Barangay 7,"[{""text"":""Poblacion Barangay 7"",""label"":""LOCATION""},{""text"":""Rodel De Castro"",""label"":""PERSON_NAME""},{""text"":""09220893454"",""label"":""CONTACT_NUMBER""}]",2026-09-09T23:40:23.770Z
synth_typhoon_ee6ca083_2,synthetic,Renato Balmes,"Signal No. 3 na po ba sa Talisay Batangas? Sobrang lakas na po ng unos at ulan dito sa Poblacion Barangay 7, may abiso na po ba ng forced evacuation?",STATUS_INQUIRY,HIGH,typhoon,Poblacion Barangay 7,"[{""text"":""Poblacion Barangay 7"",""label"":""LOCATION""},{""text"":""Renato Balmes"",""label"":""PERSON_NAME""},{""text"":""09499246868"",""label"":""CONTACT_NUMBER""}]",2026-09-08T19:06:40.864Z
synth_typhoon_3cfc3c1e_3,synthetic,Arnel Hernandez,"Dahil sa hagupit ng bagyo, nagkaroon po ng storm surge at malalaking alon galing sa Taal Lake dito sa baybayin ng Poblacion Barangay 5. Pinasok na ang mga bahay! Arnel Hernandez 09582536728",EMERGENCY_REPORT,CRITICAL,typhoon,Poblacion Barangay 5,"[{""text"":""Poblacion Barangay 5"",""label"":""LOCATION""},{""text"":""Arnel Hernandez"",""label"":""PERSON_NAME""},{""text"":""09582536728"",""label"":""CONTACT_NUMBER""}]",2026-09-11T00:06:33.968Z
synth_typhoon_8e8fb7b3_4,synthetic,Maria Teresa Malabanan,Bumagsak po ang malaking puno ng mangga sa kable ng kuryente dahil sa malakas na hangin ng bagyo dito sa Miranda. Putol po ang linya. Maria Teresa Malabanan,EMERGENCY_REPORT,HIGH,typhoon,Miranda,"[{""text"":""Miranda"",""label"":""LOCATION""},{""text"":""Maria Teresa Malabanan"",""label"":""PERSON_NAME""},{""text"":""09540349545"",""label"":""CONTACT_NUMBER""}]",2026-09-11T04:34:11.886Z
synth_typhoon_d6b4f71d_5,synthetic,Bonggoy Alvarez,May nasugatan pong residente dito sa Poblacion Barangay 1 nang tamaan ng lumilipad na yero dulot ng bagyo. Kailangan po ng ambulansya agad! Bonggoy Alvarez 09302131009,CASUALTY_REPORT,CRITICAL,typhoon,Poblacion Barangay 1,"[{""text"":""Poblacion Barangay 1"",""label"":""LOCATION""},{""text"":""Bonggoy Alvarez"",""label"":""PERSON_NAME""},{""text"":""09302131009"",""label"":""CONTACT_NUMBER""}]",2026-09-07T05:34:58.161Z
synth_typhoon_0f8f7ae6_6,synthetic,Mark Anthony Laurel,"Humihingi po kami ng trapal at emergency lights dito sa evacuation center sa Leynes, nawalan po ng power buong gabi gawa ng bagyo.",RESOURCE_REQUEST,HIGH,typhoon,Leynes,"[{""text"":""Leynes"",""label"":""LOCATION""},{""text"":""Mark Anthony Laurel"",""label"":""PERSON_NAME""},{""text"":""09623548277"",""label"":""CONTACT_NUMBER""}]",2026-09-11T17:03:11.015Z
synth_typhoon_8aaaccdc_7,synthetic,Jocelyn Punzalan,Malakas pa rin po ba ang ulan at hangin ng habagat sa lawa? Pwede na po bang bumiyahe pabalik ng Poblacion Barangay 8?,STATUS_INQUIRY,LOW,typhoon,Poblacion Barangay 8,"[{""text"":""Poblacion Barangay 8"",""label"":""LOCATION""},{""text"":""Jocelyn Punzalan"",""label"":""PERSON_NAME""},{""text"":""09385768967"",""label"":""CONTACT_NUMBER""}]",2026-09-12T04:35:47.788Z
synth_typhoon_264a3fc6_8,synthetic,Justine Villegas,"Emergency! Nagsisimula nang matanggal ang mga dingding ng mga barong-barong dito sa baywalk ng Caloocan dahil sa unos. Tulong po rescue, Justine Villegas.",EMERGENCY_REPORT,CRITICAL,typhoon,Caloocan,"[{""text"":""Caloocan"",""label"":""LOCATION""},{""text"":""Justine Villegas"",""label"":""PERSON_NAME""},{""text"":""09299691960"",""label"":""CONTACT_NUMBER""}]",2026-09-09T02:47:40.921Z
synth_typhoon_2316593d_9,synthetic,Lilibeth Macatangay,"Napakalakas po ng bugso ng hangin ng bagyo dito sa Santa Maria, nilipad na po ang bubong ng bahay namin! Bumabagyo po ng husto, pakirescue po kami! Lilibeth Macatangay - 09558337154",EMERGENCY_REPORT,CRITICAL,typhoon,Santa Maria,"[{""text"":""Santa Maria"",""label"":""LOCATION""},{""text"":""Lilibeth Macatangay"",""label"":""PERSON_NAME""},{""text"":""09558337154"",""label"":""CONTACT_NUMBER""}]",2026-09-09T22:12:47.197Z
synth_typhoon_4fa6dcbe_10,synthetic,Dennis Magpantay,"Signal No. 3 na po ba sa Talisay Batangas? Sobrang lakas na po ng unos at ulan dito sa Santa Maria, may abiso na po ba ng forced evacuation?",STATUS_INQUIRY,HIGH,typhoon,Santa Maria,"[{""text"":""Santa Maria"",""label"":""LOCATION""},{""text"":""Dennis Magpantay"",""label"":""PERSON_NAME""},{""text"":""09269777637"",""label"":""CONTACT_NUMBER""}]",2026-09-11T01:29:52.155Z
synth_typhoon_996a7432_11,synthetic,Rosalie Mendoza,"Dahil sa hagupit ng bagyo, nagkaroon po ng storm surge at malalaking alon galing sa Taal Lake dito sa baybayin ng Sampaloc. Pinasok na ang mga bahay! Rosalie Mendoza 09819866966",EMERGENCY_REPORT,CRITICAL,typhoon,Sampaloc,"[{""text"":""Sampaloc"",""label"":""LOCATION""},{""text"":""Rosalie Mendoza"",""label"":""PERSON_NAME""},{""text"":""09819866966"",""label"":""CONTACT_NUMBER""}]",2026-09-09T14:36:02.158Z
synth_typhoon_f1509d4c_12,synthetic,Juan Dimaculangan,Bumagsak po ang malaking puno ng mangga sa kable ng kuryente dahil sa malakas na hangin ng bagyo dito sa Poblacion Barangay 3. Putol po ang linya. Juan Dimaculangan,EMERGENCY_REPORT,HIGH,typhoon,Poblacion Barangay 3,"[{""text"":""Poblacion Barangay 3"",""label"":""LOCATION""},{""text"":""Juan Dimaculangan"",""label"":""PERSON_NAME""},{""text"":""09656329729"",""label"":""CONTACT_NUMBER""}]",2026-09-07T19:37:03.080Z
synth_typhoon_d7ceebe2_13,synthetic,Joel Manalo,May nasugatan pong residente dito sa Poblacion Barangay 3 nang tamaan ng lumilipad na yero dulot ng bagyo. Kailangan po ng ambulansya agad! Joel Manalo 09989344362,CASUALTY_REPORT,CRITICAL,typhoon,Poblacion Barangay 3,"[{""text"":""Poblacion Barangay 3"",""label"":""LOCATION""},{""text"":""Joel Manalo"",""label"":""PERSON_NAME""},{""text"":""09989344362"",""label"":""CONTACT_NUMBER""}]",2026-09-09T03:41:43.407Z
synth_typhoon_583c83fa_14,synthetic,Maricel Villanueva,"Humihingi po kami ng trapal at emergency lights dito sa evacuation center sa Poblacion Barangay 7, nawalan po ng power buong gabi gawa ng bagyo.",RESOURCE_REQUEST,HIGH,typhoon,Poblacion Barangay 7,"[{""text"":""Poblacion Barangay 7"",""label"":""LOCATION""},{""text"":""Maricel Villanueva"",""label"":""PERSON_NAME""},{""text"":""09661477391"",""label"":""CONTACT_NUMBER""}]",2026-09-07T03:28:47.673Z
synth_typhoon_d1c5102a_15,synthetic,Edgar Carandang,Malakas pa rin po ba ang ulan at hangin ng habagat sa lawa? Pwede na po bang bumiyahe pabalik ng Poblacion Barangay 4?,STATUS_INQUIRY,LOW,typhoon,Poblacion Barangay 4,"[{""text"":""Poblacion Barangay 4"",""label"":""LOCATION""},{""text"":""Edgar Carandang"",""label"":""PERSON_NAME""},{""text"":""09171928883"",""label"":""CONTACT_NUMBER""}]",2026-09-06T00:22:56.658Z
synth_typhoon_5cc6b2e6_16,synthetic,Maricel Villanueva,"Emergency! Nagsisimula nang matanggal ang mga dingding ng mga barong-barong dito sa baywalk ng Poblacion Barangay 4 dahil sa unos. Tulong po rescue, Maricel Villanueva.",EMERGENCY_REPORT,CRITICAL,typhoon,Poblacion Barangay 4,"[{""text"":""Poblacion Barangay 4"",""label"":""LOCATION""},{""text"":""Maricel Villanueva"",""label"":""PERSON_NAME""},{""text"":""09171171150"",""label"":""CONTACT_NUMBER""}]",2026-09-12T12:13:07.531Z
synth_typhoon_933a82ab_17,synthetic,Lilibeth Macatangay,"Napakalakas po ng bugso ng hangin ng bagyo dito sa Caloocan, nilipad na po ang bubong ng bahay namin! Bumabagyo po ng husto, pakirescue po kami! Lilibeth Macatangay - 09555462503",EMERGENCY_REPORT,CRITICAL,typhoon,Caloocan,"[{""text"":""Caloocan"",""label"":""LOCATION""},{""text"":""Lilibeth Macatangay"",""label"":""PERSON_NAME""},{""text"":""09555462503"",""label"":""CONTACT_NUMBER""}]",2026-09-07T05:48:30.825Z
synth_typhoon_feaab817_18,synthetic,Arnel Hernandez,"Signal No. 3 na po ba sa Talisay Batangas? Sobrang lakas na po ng unos at ulan dito sa Buco, may abiso na po ba ng forced evacuation?",STATUS_INQUIRY,HIGH,typhoon,Buco,"[{""text"":""Buco"",""label"":""LOCATION""},{""text"":""Arnel Hernandez"",""label"":""PERSON_NAME""},{""text"":""09133375739"",""label"":""CONTACT_NUMBER""}]",2026-09-06T23:50:05.940Z
synth_typhoon_d949ff65_19,synthetic,Edgar Carandang,"Dahil sa hagupit ng bagyo, nagkaroon po ng storm surge at malalaking alon galing sa Taal Lake dito sa baybayin ng Leynes. Pinasok na ang mga bahay! Edgar Carandang 09350396694",EMERGENCY_REPORT,CRITICAL,typhoon,Leynes,"[{""text"":""Leynes"",""label"":""LOCATION""},{""text"":""Edgar Carandang"",""label"":""PERSON_NAME""},{""text"":""09350396694"",""label"":""CONTACT_NUMBER""}]",2026-09-07T21:28:28.118Z
synth_typhoon_0cfe1c74_20,synthetic,Juan Dimaculangan,Bumagsak po ang malaking puno ng mangga sa kable ng kuryente dahil sa malakas na hangin ng bagyo dito sa Aya. Putol po ang linya. Juan Dimaculangan,EMERGENCY_REPORT,HIGH,typhoon,Aya,"[{""text"":""Aya"",""label"":""LOCATION""},{""text"":""Juan Dimaculangan"",""label"":""PERSON_NAME""},{""text"":""09268245438"",""label"":""CONTACT_NUMBER""}]",2026-09-06T09:14:53.053Z
synth_typhoon_46f84465_21,synthetic,Maricel Villanueva,May nasugatan pong residente dito sa Tranca nang tamaan ng lumilipad na yero dulot ng bagyo. Kailangan po ng ambulansya agad! Maricel Villanueva 09809306370,CASUALTY_REPORT,CRITICAL,typhoon,Tranca,"[{""text"":""Tranca"",""label"":""LOCATION""},{""text"":""Maricel Villanueva"",""label"":""PERSON_NAME""},{""text"":""09809306370"",""label"":""CONTACT_NUMBER""}]",2026-09-09T17:53:41.896Z
synth_landslide_9441f872_1,synthetic,Juan Dimaculangan,Gumuho po ang lupa at riprap sa may kalsada sa Tranca! Natabunan po ang isang van at hindi makadaan ang mga sasakyan. Tulong po agad! Juan Dimaculangan 09201494883,EMERGENCY_REPORT,CRITICAL,landslide,Tranca,"[{""text"":""Tranca"",""label"":""LOCATION""},{""text"":""Juan Dimaculangan"",""label"":""PERSON_NAME""},{""text"":""09201494883"",""label"":""CONTACT_NUMBER""}]",2026-09-10T19:32:04.775Z
synth_landslide_453e706f_2,synthetic,Lilibeth Macatangay,May malaking landslide dito sa gilid ng bundok sa Poblacion Barangay 3 dahil sa walang tigil na ulan. Nanganganib pong matabunan ang tatlong bahay sa ibaba! Lilibeth Macatangay,EMERGENCY_REPORT,CRITICAL,landslide,Poblacion Barangay 3,"[{""text"":""Poblacion Barangay 3"",""label"":""LOCATION""},{""text"":""Lilibeth Macatangay"",""label"":""PERSON_NAME""},{""text"":""09424528052"",""label"":""CONTACT_NUMBER""}]",2026-09-09T13:38:06.012Z
synth_landslide_7764ec9d_3,synthetic,Dennis Magpantay,Passable na po ba ang kalsada galing Tanauan papuntang Balas Talisay o sarado pa rin dahil sa gumuhong riprap?,STATUS_INQUIRY,LOW,landslide,Balas,"[{""text"":""Balas"",""label"":""LOCATION""},{""text"":""Dennis Magpantay"",""label"":""PERSON_NAME""},{""text"":""09913814766"",""label"":""CONTACT_NUMBER""}]",2026-09-11T01:33:32.197Z
synth_landslide_7299fc1b_4,synthetic,Maria Teresa Malabanan,"May naipit po sa natabunang bahay dahil sa pagguho ng lupa sa Sitio Gulod, Santa Maria. Kailangan po ng backhoe at rescue team ngayon na! Maria Teresa Malabanan 09183907100",EMERGENCY_REPORT,CRITICAL,landslide,Santa Maria,"[{""text"":""Santa Maria"",""label"":""LOCATION""},{""text"":""Maria Teresa Malabanan"",""label"":""PERSON_NAME""},{""text"":""09183907100"",""label"":""CONTACT_NUMBER""}]",2026-09-06T06:32:34.198Z
synth_landslide_e801ecd1_5,synthetic,Lilibeth Macatangay,Humihingi po kami ng tulong na mai-evacuate ang mga taga-ibabang bahagi ng Santa Maria dahil patuloy na gumuguho ang putik mula sa itaas ng ridge.,RESOURCE_REQUEST,HIGH,landslide,Santa Maria,"[{""text"":""Santa Maria"",""label"":""LOCATION""},{""text"":""Lilibeth Macatangay"",""label"":""PERSON_NAME""},{""text"":""09615630843"",""label"":""CONTACT_NUMBER""}]",2026-09-08T15:07:25.896Z
synth_landslide_370038f8_6,synthetic,Renato Balmes,Gumuho po ang lupa at riprap sa may kalsada sa Poblacion Barangay 8! Natabunan po ang isang van at hindi makadaan ang mga sasakyan. Tulong po agad! Renato Balmes 09332978318,EMERGENCY_REPORT,CRITICAL,landslide,Poblacion Barangay 8,"[{""text"":""Poblacion Barangay 8"",""label"":""LOCATION""},{""text"":""Renato Balmes"",""label"":""PERSON_NAME""},{""text"":""09332978318"",""label"":""CONTACT_NUMBER""}]",2026-09-06T04:53:56.932Z
synth_landslide_24b16ef6_7,synthetic,Rosalie Mendoza,May malaking landslide dito sa gilid ng bundok sa Poblacion Barangay 4 dahil sa walang tigil na ulan. Nanganganib pong matabunan ang tatlong bahay sa ibaba! Rosalie Mendoza,EMERGENCY_REPORT,CRITICAL,landslide,Poblacion Barangay 4,"[{""text"":""Poblacion Barangay 4"",""label"":""LOCATION""},{""text"":""Rosalie Mendoza"",""label"":""PERSON_NAME""},{""text"":""09715796752"",""label"":""CONTACT_NUMBER""}]",2026-09-11T12:09:23.751Z
synth_landslide_10314221_8,synthetic,Jocelyn Punzalan,Passable na po ba ang kalsada galing Tanauan papuntang Santa Maria Talisay o sarado pa rin dahil sa gumuhong riprap?,STATUS_INQUIRY,LOW,landslide,Santa Maria,"[{""text"":""Santa Maria"",""label"":""LOCATION""},{""text"":""Jocelyn Punzalan"",""label"":""PERSON_NAME""},{""text"":""09531699463"",""label"":""CONTACT_NUMBER""}]",2026-09-10T09:24:26.696Z
synth_landslide_6ad37297_9,synthetic,Edgar Carandang,"May naipit po sa natabunang bahay dahil sa pagguho ng lupa sa Sitio Gulod, Tumaway. Kailangan po ng backhoe at rescue team ngayon na! Edgar Carandang 09733075798",EMERGENCY_REPORT,CRITICAL,landslide,Tumaway,"[{""text"":""Tumaway"",""label"":""LOCATION""},{""text"":""Edgar Carandang"",""label"":""PERSON_NAME""},{""text"":""09733075798"",""label"":""CONTACT_NUMBER""}]",2026-09-07T15:20:28.884Z
synth_landslide_10dbe492_10,synthetic,Rosalie Mendoza,Humihingi po kami ng tulong na mai-evacuate ang mga taga-ibabang bahagi ng Leynes dahil patuloy na gumuguho ang putik mula sa itaas ng ridge.,RESOURCE_REQUEST,HIGH,landslide,Leynes,"[{""text"":""Leynes"",""label"":""LOCATION""},{""text"":""Rosalie Mendoza"",""label"":""PERSON_NAME""},{""text"":""09777242744"",""label"":""CONTACT_NUMBER""}]",2026-09-08T23:22:10.290Z
synth_landslide_6f7586ed_11,synthetic,Justine Villegas,Gumuho po ang lupa at riprap sa may kalsada sa Miranda! Natabunan po ang isang van at hindi makadaan ang mga sasakyan. Tulong po agad! Justine Villegas 09927863745,EMERGENCY_REPORT,CRITICAL,landslide,Miranda,"[{""text"":""Miranda"",""label"":""LOCATION""},{""text"":""Justine Villegas"",""label"":""PERSON_NAME""},{""text"":""09927863745"",""label"":""CONTACT_NUMBER""}]",2026-09-07T07:30:52.283Z
synth_landslide_73218aa8_12,synthetic,Juan Dimaculangan,May malaking landslide dito sa gilid ng bundok sa Poblacion Barangay 3 dahil sa walang tigil na ulan. Nanganganib pong matabunan ang tatlong bahay sa ibaba! Juan Dimaculangan,EMERGENCY_REPORT,CRITICAL,landslide,Poblacion Barangay 3,"[{""text"":""Poblacion Barangay 3"",""label"":""LOCATION""},{""text"":""Juan Dimaculangan"",""label"":""PERSON_NAME""},{""text"":""09845079978"",""label"":""CONTACT_NUMBER""}]",2026-09-06T04:19:51.513Z
synth_landslide_0ac02489_13,synthetic,Jobert Austria,Passable na po ba ang kalsada galing Tanauan papuntang Poblacion Barangay 8 Talisay o sarado pa rin dahil sa gumuhong riprap?,STATUS_INQUIRY,LOW,landslide,Poblacion Barangay 8,"[{""text"":""Poblacion Barangay 8"",""label"":""LOCATION""},{""text"":""Jobert Austria"",""label"":""PERSON_NAME""},{""text"":""09821778770"",""label"":""CONTACT_NUMBER""}]",2026-09-08T19:27:05.757Z
synth_landslide_22a3cc6c_14,synthetic,Rosalie Mendoza,"May naipit po sa natabunang bahay dahil sa pagguho ng lupa sa Sitio Gulod, Buco. Kailangan po ng backhoe at rescue team ngayon na! Rosalie Mendoza 09105777723",EMERGENCY_REPORT,CRITICAL,landslide,Buco,"[{""text"":""Buco"",""label"":""LOCATION""},{""text"":""Rosalie Mendoza"",""label"":""PERSON_NAME""},{""text"":""09105777723"",""label"":""CONTACT_NUMBER""}]",2026-09-07T07:44:25.324Z
synth_landslide_44910be1_15,synthetic,Justine Villegas,Humihingi po kami ng tulong na mai-evacuate ang mga taga-ibabang bahagi ng Quiling dahil patuloy na gumuguho ang putik mula sa itaas ng ridge.,RESOURCE_REQUEST,HIGH,landslide,Quiling,"[{""text"":""Quiling"",""label"":""LOCATION""},{""text"":""Justine Villegas"",""label"":""PERSON_NAME""},{""text"":""09792935178"",""label"":""CONTACT_NUMBER""}]",2026-09-06T08:19:35.092Z
synth_landslide_40ea4535_16,synthetic,Rodel De Castro,Gumuho po ang lupa at riprap sa may kalsada sa Leynes! Natabunan po ang isang van at hindi makadaan ang mga sasakyan. Tulong po agad! Rodel De Castro 09358501556,EMERGENCY_REPORT,CRITICAL,landslide,Leynes,"[{""text"":""Leynes"",""label"":""LOCATION""},{""text"":""Rodel De Castro"",""label"":""PERSON_NAME""},{""text"":""09358501556"",""label"":""CONTACT_NUMBER""}]",2026-09-12T14:40:35.354Z
synth_landslide_cf1efde1_17,synthetic,Mark Anthony Laurel,May malaking landslide dito sa gilid ng bundok sa Poblacion Barangay 4 dahil sa walang tigil na ulan. Nanganganib pong matabunan ang tatlong bahay sa ibaba! Mark Anthony Laurel,EMERGENCY_REPORT,CRITICAL,landslide,Poblacion Barangay 4,"[{""text"":""Poblacion Barangay 4"",""label"":""LOCATION""},{""text"":""Mark Anthony Laurel"",""label"":""PERSON_NAME""},{""text"":""09803585025"",""label"":""CONTACT_NUMBER""}]",2026-09-09T20:48:44.120Z
synth_landslide_ad39230f_18,synthetic,Juan Dimaculangan,Passable na po ba ang kalsada galing Tanauan papuntang Buco Talisay o sarado pa rin dahil sa gumuhong riprap?,STATUS_INQUIRY,LOW,landslide,Buco,"[{""text"":""Buco"",""label"":""LOCATION""},{""text"":""Juan Dimaculangan"",""label"":""PERSON_NAME""},{""text"":""09469570989"",""label"":""CONTACT_NUMBER""}]",2026-09-07T03:29:43.986Z
synth_landslide_d1cdbc9f_19,synthetic,Maria Teresa Malabanan,"May naipit po sa natabunang bahay dahil sa pagguho ng lupa sa Sitio Gulod, Poblacion Barangay 7. Kailangan po ng backhoe at rescue team ngayon na! Maria Teresa Malabanan 09368277116",EMERGENCY_REPORT,CRITICAL,landslide,Poblacion Barangay 7,"[{""text"":""Poblacion Barangay 7"",""label"":""LOCATION""},{""text"":""Maria Teresa Malabanan"",""label"":""PERSON_NAME""},{""text"":""09368277116"",""label"":""CONTACT_NUMBER""}]",2026-09-09T08:07:31.504Z
synth_volcanic_eruption_f9f9d6fd_1,synthetic,Rosalie Mendoza,"May makapal na bagsak ng abo dine sa Brgy. Aya, nangangamoy asupre na po at madilim ang paligid. Kailangan na po namin lumikas. Ako po si Rosalie Mendoza, 09119261737.",EMERGENCY_REPORT,HIGH,volcanic_eruption,Aya,"[{""text"":""Aya"",""label"":""LOCATION""},{""text"":""Rosalie Mendoza"",""label"":""PERSON_NAME""},{""text"":""09119261737"",""label"":""CONTACT_NUMBER""}]",2026-09-08T21:53:46.528Z
synth_volcanic_eruption_eca5940a_2,synthetic,Jobert Austria,"Pumutok na naman po ba ang Bulkang Taal? Umusok ng mataas at lumindol dine sa San Guillermo, safe pa po ba kami?",STATUS_INQUIRY,MEDIUM,volcanic_eruption,San Guillermo,"[{""text"":""San Guillermo"",""label"":""LOCATION""},{""text"":""Jobert Austria"",""label"":""PERSON_NAME""},{""text"":""09561648470"",""label"":""CONTACT_NUMBER""}]",2026-09-07T03:14:18.494Z
synth_volcanic_eruption_90fb6f24_3,synthetic,Arnel Hernandez,"Emergency! Nagsisimula na umulan ng bato at makapal na buhangin galing sa bulkan dito sa Poblacion Barangay 6 malapit sa lawa. Help rescue po, Arnel Hernandez.",EMERGENCY_REPORT,CRITICAL,volcanic_eruption,Poblacion Barangay 6,"[{""text"":""Poblacion Barangay 6"",""label"":""LOCATION""},{""text"":""Arnel Hernandez"",""label"":""PERSON_NAME""},{""text"":""09254254590"",""label"":""CONTACT_NUMBER""}]",2026-09-11T05:48:25.534Z
synth_volcanic_eruption_6c09b4c0_4,synthetic,Juan Dimaculangan,"Napakalakas ng amoy sulfur dine sa tabing lawa ng Leynes. Nahihirapan na huminga ang mga bata, kailangan po namin ng N95 masks at sasakyan papuntang evacuation center.",RESOURCE_REQUEST,HIGH,volcanic_eruption,Leynes,"[{""text"":""Leynes"",""label"":""LOCATION""},{""text"":""Juan Dimaculangan"",""label"":""PERSON_NAME""},{""text"":""09648479006"",""label"":""CONTACT_NUMBER""}]",2026-09-08T13:36:55.369Z
synth_volcanic_eruption_d628b804_5,synthetic,Juan Dimaculangan,Alert Level 3 na daw ang bulkang Taal? Pakikumpirma naman po MDRRMC Talisay. Mag-evacuate na po ba kami dito sa Poblacion Barangay 4? Juan Dimaculangan po - 09658854457,STATUS_INQUIRY,MEDIUM,volcanic_eruption,Poblacion Barangay 4,"[{""text"":""Poblacion Barangay 4"",""label"":""LOCATION""},{""text"":""Juan Dimaculangan"",""label"":""PERSON_NAME""},{""text"":""09658854457"",""label"":""CONTACT_NUMBER""}]",2026-09-07T16:47:50.893Z
synth_volcanic_eruption_c31bcdd7_6,synthetic,Dennis Magpantay,May mga mangingisda pong naabutan ng phreatomagmatic eruption sa Volcano Island malapit sa Tranca. Hindi pa po nakakabalik! Rescue po kay Dennis Magpantay 09875051296,EMERGENCY_REPORT,CRITICAL,volcanic_eruption,Tranca,"[{""text"":""Tranca"",""label"":""LOCATION""},{""text"":""Dennis Magpantay"",""label"":""PERSON_NAME""},{""text"":""09875051296"",""label"":""CONTACT_NUMBER""}]",2026-09-10T20:58:42.681Z
synth_volcanic_eruption_0472d1df_7,synthetic,Juan Dimaculangan,"May makapal na bagsak ng abo dine sa Brgy. Buco, nangangamoy asupre na po at madilim ang paligid. Kailangan na po namin lumikas. Ako po si Juan Dimaculangan, 09289912425.",EMERGENCY_REPORT,HIGH,volcanic_eruption,Buco,"[{""text"":""Buco"",""label"":""LOCATION""},{""text"":""Juan Dimaculangan"",""label"":""PERSON_NAME""},{""text"":""09289912425"",""label"":""CONTACT_NUMBER""}]",2026-09-12T09:23:13.518Z
synth_volcanic_eruption_dcfd86d2_8,synthetic,Edgar Carandang,"Pumutok na naman po ba ang Bulkang Taal? Umusok ng mataas at lumindol dine sa Miranda, safe pa po ba kami?",STATUS_INQUIRY,MEDIUM,volcanic_eruption,Miranda,"[{""text"":""Miranda"",""label"":""LOCATION""},{""text"":""Edgar Carandang"",""label"":""PERSON_NAME""},{""text"":""09777906749"",""label"":""CONTACT_NUMBER""}]",2026-09-06T04:25:51.672Z
synth_volcanic_eruption_8e84a305_9,synthetic,Dennis Magpantay,"Emergency! Nagsisimula na umulan ng bato at makapal na buhangin galing sa bulkan dito sa Poblacion Barangay 1 malapit sa lawa. Help rescue po, Dennis Magpantay.",EMERGENCY_REPORT,CRITICAL,volcanic_eruption,Poblacion Barangay 1,"[{""text"":""Poblacion Barangay 1"",""label"":""LOCATION""},{""text"":""Dennis Magpantay"",""label"":""PERSON_NAME""},{""text"":""09840251287"",""label"":""CONTACT_NUMBER""}]",2026-09-06T10:44:35.637Z
synth_volcanic_eruption_62b1c5aa_10,synthetic,Lilibeth Macatangay,"Napakalakas ng amoy sulfur dine sa tabing lawa ng Banga. Nahihirapan na huminga ang mga bata, kailangan po namin ng N95 masks at sasakyan papuntang evacuation center.",RESOURCE_REQUEST,HIGH,volcanic_eruption,Banga,"[{""text"":""Banga"",""label"":""LOCATION""},{""text"":""Lilibeth Macatangay"",""label"":""PERSON_NAME""},{""text"":""09890973705"",""label"":""CONTACT_NUMBER""}]",2026-09-09T02:24:55.489Z
synth_volcanic_eruption_81c0e76d_11,synthetic,Lilibeth Macatangay,Alert Level 3 na daw ang bulkang Taal? Pakikumpirma naman po MDRRMC Talisay. Mag-evacuate na po ba kami dito sa Poblacion Barangay 1? Lilibeth Macatangay po - 09338794234,STATUS_INQUIRY,MEDIUM,volcanic_eruption,Poblacion Barangay 1,"[{""text"":""Poblacion Barangay 1"",""label"":""LOCATION""},{""text"":""Lilibeth Macatangay"",""label"":""PERSON_NAME""},{""text"":""09338794234"",""label"":""CONTACT_NUMBER""}]",2026-09-08T21:11:06.911Z
synth_volcanic_eruption_5c57facb_12,synthetic,Renato Balmes,May mga mangingisda pong naabutan ng phreatomagmatic eruption sa Volcano Island malapit sa San Guillermo. Hindi pa po nakakabalik! Rescue po kay Renato Balmes 09896551871,EMERGENCY_REPORT,CRITICAL,volcanic_eruption,San Guillermo,"[{""text"":""San Guillermo"",""label"":""LOCATION""},{""text"":""Renato Balmes"",""label"":""PERSON_NAME""},{""text"":""09896551871"",""label"":""CONTACT_NUMBER""}]",2026-09-11T08:07:41.763Z
synth_volcanic_eruption_381eabf0_13,synthetic,Arnel Hernandez,"May makapal na bagsak ng abo dine sa Brgy. Santa Maria, nangangamoy asupre na po at madilim ang paligid. Kailangan na po namin lumikas. Ako po si Arnel Hernandez, 09441829063.",EMERGENCY_REPORT,HIGH,volcanic_eruption,Santa Maria,"[{""text"":""Santa Maria"",""label"":""LOCATION""},{""text"":""Arnel Hernandez"",""label"":""PERSON_NAME""},{""text"":""09441829063"",""label"":""CONTACT_NUMBER""}]",2026-09-10T20:13:22.391Z
synth_volcanic_eruption_7ad282c0_14,synthetic,Edgar Carandang,"Pumutok na naman po ba ang Bulkang Taal? Umusok ng mataas at lumindol dine sa Banga, safe pa po ba kami?",STATUS_INQUIRY,MEDIUM,volcanic_eruption,Banga,"[{""text"":""Banga"",""label"":""LOCATION""},{""text"":""Edgar Carandang"",""label"":""PERSON_NAME""},{""text"":""09938726392"",""label"":""CONTACT_NUMBER""}]",2026-09-06T17:28:17.064Z
synth_volcanic_eruption_2f14c2d8_15,synthetic,Renato Balmes,"Emergency! Nagsisimula na umulan ng bato at makapal na buhangin galing sa bulkan dito sa Quiling malapit sa lawa. Help rescue po, Renato Balmes.",EMERGENCY_REPORT,CRITICAL,volcanic_eruption,Quiling,"[{""text"":""Quiling"",""label"":""LOCATION""},{""text"":""Renato Balmes"",""label"":""PERSON_NAME""},{""text"":""09332083740"",""label"":""CONTACT_NUMBER""}]",2026-09-10T08:14:39.192Z
synth_volcanic_eruption_9f45e30a_16,synthetic,Lilibeth Macatangay,"Napakalakas ng amoy sulfur dine sa tabing lawa ng Aya. Nahihirapan na huminga ang mga bata, kailangan po namin ng N95 masks at sasakyan papuntang evacuation center.",RESOURCE_REQUEST,HIGH,volcanic_eruption,Aya,"[{""text"":""Aya"",""label"":""LOCATION""},{""text"":""Lilibeth Macatangay"",""label"":""PERSON_NAME""},{""text"":""09969324699"",""label"":""CONTACT_NUMBER""}]",2026-09-06T00:09:36.633Z
synth_user_b8c0c639_1,synthetic,Resident of Talisay,"Salamat po sa rescue team dine samen, ala eh pinuntahan nila kami kahit gabi na eh, maigi at ligtas na kami dine sa Brgy Balas",FEEDBACK_OR_THANKS,LOW,none,Balas,"[{""text"":""Brgy Balas"",""label"":""LOCATION""}]",2026-09-12T00:16:58.799Z
synth_user_e4a7c3cd_2,synthetic,Resident of Talisay,Thank you to everyone who donated supplies for our evacuation center here in Brgy. Buco,FEEDBACK_OR_THANKS,LOW,none,Buco,"[{""text"":""evacuation center"",""label"":""LOCATION""},{""text"":""Brgy. Buco"",""label"":""LOCATION""}]",2026-09-13T11:17:43.935Z
synth_user_5c3e6a45_3,synthetic,Resident of Talisay,"Ala eh tulong naman po! Natabunan na ang daan sa Brgy. Leynes gawa ng landslide, di makadaan ang ambulansya!",EMERGENCY_REPORT,HIGH,landslide,Leynes,"[{""text"":""daan sa Brgy. Leynes"",""label"":""LOCATION""},{""text"":""Brgy. Leynes"",""label"":""LOCATION""},{""text"":""landslide"",""label"":""INCIDENT""}]",2026-09-12T01:24:28.756Z
synth_user_b7b48c41_4,synthetic,Resident of Talisay,Wala pa rin pong kuryente at signal sa Poblacion 2. Marami na po naputol na poste d2 sa kalsada paki ayos po,EMERGENCY_REPORT,HIGH,typhoon,Poblacion Barangay 2,"[{""text"":""Poblacion 2"",""label"":""LOCATION""},{""text"":""kalsada"",""label"":""LOCATION""},{""text"":""naputol na poste"",""label"":""INCIDENT""}]",2026-09-13T16:51:32.130Z
synth_user_7e3c827a_5,synthetic,Resident of Talisay,PUTOL N KURYENTE ILANG ORAS N D2 SA BRGY Poblacion 2 MAY NAKALAWIT PANG WIRE SA daan papuntang bundok DELIKADO PO,EMERGENCY_REPORT,HIGH,typhoon,Poblacion Barangay 2,"[{""text"":""BRGY Poblacion 2"",""label"":""LOCATION""},{""text"":""daan papuntang bundok"",""label"":""LOCATION""},{""text"":""NAKALAWIT PANG WIRE"",""label"":""INCIDENT""}]",2026-09-11T09:32:56.833Z
synth_user_bc1061d4_6,synthetic,Resident of Talisay,"Padine po kayo, baluktot na ang poste malapit sa bahay namin, baka bumagsak pa sa daan, Brgy Poblacion 6.",EMERGENCY_REPORT,HIGH,typhoon,Poblacion Barangay 6,"[{""text"":""bahay namin"",""label"":""LOCATION""},{""text"":""daan"",""label"":""LOCATION""},{""text"":""Brgy Poblacion 6"",""label"":""LOCATION""},{""text"":""baluktot na ang poste"",""label"":""INCIDENT""}]",2026-09-08T04:41:03.076Z
synth_user_59dfc729_7,synthetic,Resident of Talisay,natumba ung malaking puno kasama poste sa may boundary ng Laurel blocked n daan papuntang Brgy Caloocan,EMERGENCY_REPORT,HIGH,typhoon,Caloocan,"[{""text"":""boundary ng Laurel"",""label"":""LOCATION""},{""text"":""daan papuntang Brgy Caloocan"",""label"":""LOCATION""},{""text"":""Brgy Caloocan"",""label"":""LOCATION""},{""text"":""natumba ung malaking puno kasama poste"",""label"":""INCIDENT""}]",2026-09-06T13:09:45.538Z
synth_user_143d8d9e_8,synthetic,Resident of Talisay,"Paano po mag-request ng dagdag na pagkain para sa mga bata dito sa center, malapit sa covered court, Brgy Balas",RESOURCE_REQUEST,MEDIUM,none,Balas,"[{""text"":""center"",""label"":""LOCATION""},{""text"":""covered court"",""label"":""LOCATION""},{""text"":""Brgy Balas"",""label"":""LOCATION""}]",2026-09-10T04:01:37.839Z
synth_user_ce3fe52b_9,synthetic,Resident of Talisay,"hi po ask ko lng kung san po pwd magdonate ng relief goods para sa Brgy Buco""",CASUAL_OR_GREETING,LOW,none,Buco,"[{""text"":""Brgy Buco"",""label"":""LOCATION""}]",2026-09-07T12:10:11.183Z
synth_user_acc6f1d1_10,synthetic,Resident of Talisay,A family in Brgy. Sampaloc is stranded and needs some immediate evacuation assistance!,EMERGENCY_REPORT,HIGH,flood,Sampaloc,"[{""text"":""Brgy. Sampaloc"",""label"":""LOCATION""},{""text"":""stranded"",""label"":""INCIDENT""}]",2026-09-01T16:13:19.103Z
synth_user_7e87b72a_11,synthetic,Resident of Talisay,mAy nA-stuck SA Sampaloc pLs r3scu3 now!!!😭,EMERGENCY_REPORT,CRITICAL,none,Sampaloc,"[{""text"":""nA-stuck"",""label"":""INCIDENT""},{""text"":""Sampaloc"",""label"":""LOCATION""}]",2026-09-10T12:27:44.270Z
synth_user_875bacb7_12,synthetic,Resident of Talisay,"Blocked yung road sa Brgy. 5 dahil sa volcanic ash, hindi makadaan ang mga vehicles",EMERGENCY_REPORT,HIGH,volcanic_eruption,Poblacion Barangay 5,"[{""text"":""Brgy. 5"",""label"":""LOCATION""},{""text"":""volcanic ash"",""label"":""INCIDENT""}]",2026-09-10T04:03:41.857Z
synth_user_f7295bc1_13,synthetic,Resident of Talisay,Saan kaya ang evacuation center na malapit sa Barangay Balas?,RESOURCE_REQUEST,LOW,none,Balas,"[{""text"":""Barangay Balas"",""label"":""LOCATION""}]",2026-09-01T01:24:37.640Z
synth_user_cf912f62_14,synthetic,Resident of Talisay,"Wala nang maiinom na malinis na tubig sa Barangay Balas, pakiabutan naman kami ng tubig o😭😔",RESOURCE_REQUEST,HIGH,none,Balas,"[{""text"":""Barangay Balas"",""label"":""LOCATION""}]",2026-09-10T22:55:03.502Z
synth_user_90d98acb_15,synthetic,Resident of Talisay,HIRAP HUMINGA D2 Pob 3 dhl sA aBo!!! NEED MEDIC PLS ASAP!!!,CASUALTY_REPORT,CRITICAL,volcanic_eruption,Poblacion Barangay 3,"[{""text"":""HIRAP HUMINGA"",""label"":""INCIDENT""},{""text"":""Pob 3"",""label"":""LOCATION""},{""text"":""aBo"",""label"":""INCIDENT""}]",2026-09-06T21:09:36.689Z
synth_user_44c42512_16,synthetic,Resident of Talisay,"May residents na stranded sa Quiling, please send rescue assistance.",EMERGENCY_REPORT,HIGH,none,Quiling,"[{""text"":""stranded"",""label"":""INCIDENT""},{""text"":""Quiling"",""label"":""LOCATION""}]",2026-09-13T02:05:11.145Z
synth_user_8fc0fe8a_17,synthetic,Resident of Talisay,"May nahihirapang huminga sa Poblacion Barangay 1, kapal ng abo eh, kailangan ng lunas agad.",CASUALTY_REPORT,CRITICAL,volcanic_eruption,Poblacion Barangay 1,"[{""text"":""nahihirapang huminga"",""label"":""INCIDENT""},{""text"":""Poblacion Barangay 1"",""label"":""LOCATION""},{""text"":""abo"",""label"":""INCIDENT""}]",2026-09-04T06:46:32.126Z
synth_user_118e360f_18,synthetic,Resident of Talisay,BL0CK3D d4An sA Poblacion Barangay 6 dHl sA ABo!!! pLs h3lp,EMERGENCY_REPORT,HIGH,volcanic_eruption,Poblacion Barangay 6,"[{""text"":""Poblacion Barangay 6"",""label"":""LOCATION""},{""text"":""ABo"",""label"":""INCIDENT""}]",2026-08-31T12:56:27.008Z
synth_user_7000c82e_19,synthetic,Resident of Talisay,s4f3 n4 b4 bum4l1k s4 Barangay Tumaway??? aBo p4 r1n 😭,STATUS_INQUIRY,LOW,volcanic_eruption,Tumaway,"[{""text"":""Barangay Tumaway"",""label"":""LOCATION""},{""text"":""aBo"",""label"":""INCIDENT""}]",2026-09-07T23:31:05.180Z
synth_user_05deab8f_20,synthetic,Resident of Talisay,Residents in Banga need potable water because the local supply is contaminated by ash.,RESOURCE_REQUEST,HIGH,volcanic_eruption,Banga,"[{""text"":""Banga"",""label"":""LOCATION""},{""text"":""ash"",""label"":""INCIDENT""}]",2026-09-03T18:55:24.533Z
synth_user_e4b1765a_21,synthetic,Resident of Talisay,"Guys may tumaob na bangka sa Taal Lake malapit sa riles papuntang Sta. Maria, please send help, wala pang response sa report ko sa Brgy Buco.",EMERGENCY_REPORT,CRITICAL,none,Buco,"[{""text"":""tumaob na bangka"",""label"":""INCIDENT""},{""text"":""Taal Lake"",""label"":""LOCATION""},{""text"":""Sta. Maria"",""label"":""LOCATION""},{""text"":""Brgy Buco"",""label"":""LOCATION""}]",2026-09-10T13:46:34.138Z
synth_user_ef891565_22,synthetic,Resident of Talisay,"Gano po katagal pa ang class suspension dine sa Brgy. Balas, may text update na po ba?",STATUS_INQUIRY,LOW,none,Balas,"[{""text"":""Brgy. Balas"",""label"":""LOCATION""}]",2026-09-10T02:20:31.231Z
synth_user_7bb77a2c_23,synthetic,Resident of Talisay,HELPPP! yung tatay ko hirap huminga gawa ng chest pain nya need napo ng ambulansya asap malapit sa covered court sa Barangay Aya😭,CASUALTY_REPORT,CRITICAL,none,Aya,"[{""text"":""chest pain"",""label"":""INCIDENT""},{""text"":""covered court"",""label"":""LOCATION""},{""text"":""Barangay Aya"",""label"":""LOCATION""}]",2026-09-04T11:43:26.536Z
synth_user_c5f1ca2b_24,synthetic,Resident of Talisay,TULONGGG POOO!! Paki evacuate po kame Lampas tao na po ang tubig baha plsss 😭😭,EMERGENCY_REPORT,CRITICAL,flood,Unknown,"[{""text"":""tubig baha"",""label"":""INCIDENT""}]",2026-09-05T04:42:34.447Z
synth_user_23807acf_25,synthetic,Resident of Talisay,hlp us pls nasa rooftop kmi ngaun tumataas pa tubig d2 sa Poblacion 1 wlang bangka dumaan 😭,EMERGENCY_REPORT,CRITICAL,flood,Poblacion Barangay 1,"[{""text"":""rooftop"",""label"":""LOCATION""},{""text"":""tubig"",""label"":""INCIDENT""},{""text"":""Poblacion 1"",""label"":""LOCATION""}]",2026-09-03T03:21:13.869Z
synth_user_28acc4b3_26,synthetic,Resident of Talisay,"Salamat po sa relief goods kahapon, malaking tulong po ito para sa amin ng pamilya koo",FEEDBACK_OR_THANKS,LOW,none,Unknown,[],2026-09-11T18:00:01.892Z
synth_user_b9d525bd_27,synthetic,Resident of Talisay,May nanganganak napo dito yung asawa ng kapitbahay namin wla silang masakyan papunta ospital dito sa Brgy Banga,CASUALTY_REPORT,CRITICAL,none,Banga,"[{""text"":""nanganganak"",""label"":""INCIDENT""},{""text"":""Brgy Banga"",""label"":""LOCATION""}]",2026-08-31T14:07:42.722Z
synth_user_1143daec_28,synthetic,Resident of Talisay,"nlubog n bhay nmin d2 sa Balas hangang leeg n tubig, d na kmi mkalabas!!",EMERGENCY_REPORT,CRITICAL,flood,Balas,"[{""text"":""Balas"",""label"":""LOCATION""},{""text"":""tubig"",""label"":""INCIDENT""}]",2026-09-05T02:59:24.992Z
synth_user_e4ef7f1d_29,synthetic,Resident of Talisay,konti n lng tubig nmin sana may dagdag n malinis n inumin bago gumabi Brgy caloocan,RESOURCE_REQUEST,HIGH,none,Caloocan,"[{""text"":""Brgy caloocan"",""label"":""LOCATION""}]",2026-09-11T20:48:28.415Z
synth_user_b4f6cf96_30,synthetic,Resident of Talisay,gutom n gutom n po kmi d2 sa health center wla p pong dumarating n relief truck.,RESOURCE_REQUEST,HIGH,none,Unknown,"[{""text"":""health center"",""label"":""LOCATION""}]",2026-09-11T10:09:43.655Z
synth_user_3000b1b1_31,synthetic,Resident of Talisay,check up lng po sana my allergy reaction kc bunso ko sa pagkain d2 sa relief goods Brgy Poblacion 3,CASUALTY_REPORT,HIGH,none,Poblacion Barangay 3,"[{""text"":""Brgy Poblacion 3"",""label"":""LOCATION""}]",2026-09-05T09:57:18.426Z
synth_user_3ced4319_32,synthetic,Resident of Talisay,sana lagi n lng ganito kabilis response nyo salamat MDRRMO Talisay 🙏🙏,FEEDBACK_OR_THANKS,LOW,none,Unknown,"[{""text"":""MDRRMO Talisay"",""label"":""LOCATION""}]",2026-09-04T01:10:37.082Z
synth_user_eb661501_33,synthetic,Resident of Talisay,bara n po kanal nmin kaya mabilis bumabaha kht di malakas ulan.,EMERGENCY_REPORT,HIGH,flood,Unknown,"[{""text"":""bumabaha"",""label"":""INCIDENT""},{""text"":""ulan"",""label"":""INCIDENT""}]",2026-08-31T01:53:09.823Z
synth_user_9a18a659_34,synthetic,Resident of Talisay,"May himatayin pong lola dito sa evacuation center malapit sa boundary ng Leynes, mukhang stroke po, need ng medic ngayon din.",CASUALTY_REPORT,CRITICAL,none,Leynes,"[{""text"":""evacuation center malapit sa boundary ng Leynes"",""label"":""LOCATION""},{""text"":""Leynes"",""label"":""LOCATION""}]",2026-09-04T20:29:02.523Z
synth_user_10c67318_35,synthetic,Resident of Talisay,"Nasira po ang tulay malapit sa covered court, hindi na po makadaan ang mga sasakyan",EMERGENCY_REPORT,HIGH,none,Unknown,"[{""text"":""tulay malapit sa covered court"",""label"":""LOCATION""},{""text"":""covered court"",""label"":""LOCATION""}]",2026-09-11T13:16:50.177Z
synth_user_e80f5ae5_36,synthetic,Resident of Talisay,"Ala eh natabunan ng lupa ang buong daan papuntang covered court, wala nang madadaanang sasakyan, Brgy Poblacion 1",EMERGENCY_REPORT,HIGH,landslide,Poblacion Barangay 1,"[{""text"":""natabunan ng lupa"",""label"":""INCIDENT""},{""text"":""covered court"",""label"":""LOCATION""},{""text"":""Brgy Poblacion 1"",""label"":""LOCATION""}]",2026-09-04T15:12:55.152Z
synth_user_20716763_37,synthetic,Resident of Talisay,"Padine po kayo, nanganganak na si manang dine sa amin, wala kaming sasakyan papuntang ospital",CASUALTY_REPORT,CRITICAL,none,Unknown,[],2026-09-08T05:13:41.879Z
synth_user_32b4016f_38,synthetic,Resident of Talisay,"The bridge going to Miranda has partially collapsed due to strong currents, and vehicles can no longer pass.",EMERGENCY_REPORT,HIGH,flood,Miranda,"[{""text"":""bridge going to Miranda"",""label"":""LOCATION""},{""text"":""Miranda"",""label"":""LOCATION""},{""text"":""strong currents"",""label"":""INCIDENT""}]",2026-09-05T16:03:14.684Z
synth_user_d9a13792_39,synthetic,Resident of Talisay,kelan po b susunod n weather update para samin d2 sa Brgy Quiling,STATUS_INQUIRY,LOW,typhoon,Quiling,"[{""text"":""Brgy Quiling"",""label"":""LOCATION""}]",2026-09-10T19:43:53.873Z
synth_user_f41723a6_40,synthetic,Resident of Talisay,"Pls help po, stranded na kami dito sa house malapit palengke ng Brgy Poblacion 7! kase high tide na",EMERGENCY_REPORT,HIGH,flood,Poblacion Barangay 7,"[{""text"":""house malapit palengke ng Brgy Poblacion 7"",""label"":""LOCATION""},{""text"":""Brgy Poblacion 7"",""label"":""LOCATION""},{""text"":""high tide"",""label"":""INCIDENT""}]",2026-09-13T20:22:02.579Z
synth_user_e8231596_41,synthetic,Resident of Talisay,"Thank you for yesterday's relief distribution, it was a huge help for our family here.",FEEDBACK_OR_THANKS,LOW,none,Unknown,[],2026-09-13T19:42:07.989Z
synth_user_bc497493_42,synthetic,Resident of Talisay,"Gano po kalayo pa ang rescue boat, dine kami sa may boundary ng sampaloc",STATUS_INQUIRY,HIGH,flood,Sampaloc,"[{""text"":""boundary ng sampaloc"",""label"":""LOCATION""}]",2026-09-07T13:14:03.792Z
synth_user_5f5716e9_43,synthetic,Resident of Talisay,proud ako sa mga kabataan ng Brgy Poblacion 4 tumulong mag pack ng relief goods kagabi 💪,FEEDBACK_OR_THANKS,LOW,none,Poblacion Barangay 4,"[{""text"":""Brgy Poblacion 4"",""label"":""LOCATION""}]",2026-09-02T11:54:19.130Z
synth_user_ffb9f943_44,synthetic,Resident of Talisay,MAY MALAKING BITAK SA LUPA MALAPIT SA tulay papuntang Sampaloc NATATAKOT KMI BAKA LUMALA PA BRGY San Guillermo,EMERGENCY_REPORT,HIGH,earthquake,San Guillermo,"[{""text"":""BITAK SA LUPA"",""label"":""INCIDENT""},{""text"":""tulay papuntang Sampaloc"",""label"":""LOCATION""},{""text"":""BRGY San Guillermo"",""label"":""LOCATION""}]",2026-09-13T18:18:09.014Z
synth_user_9a712a38_45,synthetic,Resident of Talisay,"Paano po mag-request ng dagdag na pagkain para sa mga bata dito sa center, malapit sa Taal Lake shoreline ng Brgy Caloocan",RESOURCE_REQUEST,MEDIUM,none,Caloocan,"[{""text"":""Taal Lake shoreline ng Brgy Caloocan"",""label"":""LOCATION""}]",2026-09-04T11:32:54.288Z
synth_user_0042ffc9_46,synthetic,Resident of Talisay,need po formula milk agad wla po kming stock d2 sa center Brgy Tranca,RESOURCE_REQUEST,HIGH,none,Tranca,"[{""text"":""Brgy Tranca"",""label"":""LOCATION""}]",2026-09-05T13:36:41.945Z
synth_user_5ca70621_47,synthetic,Resident of Talisay,bumagsak bubong nmin sa lakas ng hangin kagabi Brgy Tranca sana matulungan kming magpaayos,RESOURCE_REQUEST,MEDIUM,typhoon,Tranca,"[{""text"":""lakas ng hangin"",""label"":""INCIDENT""},{""text"":""Brgy Tranca"",""label"":""LOCATION""}]",2026-09-06T18:32:12.549Z
synth_user_abbe2bf8_48,synthetic,Resident of Talisay,When can we expect the water line near Tumaway barangay hall to be repaired?,STATUS_INQUIRY,LOW,none,Tumaway,"[{""text"":""Tumaway barangay hall"",""label"":""LOCATION""}]",2026-09-09T15:13:29.095Z
synth_user_738ac70f_49,synthetic,Resident of Talisay,guys wla n signal d2 sa Poblacion 2 mahigit isang araw n simula nung bagyo kagabi,STATUS_INQUIRY,MEDIUM,typhoon,Poblacion Barangay 2,"[{""text"":""Poblacion 2"",""label"":""LOCATION""},{""text"":""bagyo"",""label"":""INCIDENT""}]",2026-09-06T22:46:43.582Z
synth_user_e6804990_50,synthetic,Resident of Talisay,hi po ask ko lng kung san po pwd magdonate ng relief goods para sa Brgy San Guillermo,CASUAL_OR_GREETING,LOW,none,San Guillermo,"[{""text"":""Brgy San Guillermo"",""label"":""LOCATION""}]",2026-09-01T01:18:17.644Z
synth_user_3a017489_51,synthetic,Resident of Talisay,konti n lng tubig nmin sana may dagdag n malinis n inumin bago gumabi dito sa Brgy Poblacion 8,RESOURCE_REQUEST,HIGH,none,Poblacion Barangay 8,"[{""text"":""Brgy Poblacion 8"",""label"":""LOCATION""}]",2026-09-13T08:03:10.962Z
synth_user_a949b1f9_52,synthetic,Resident of Talisay,URGENT!! Baka may pwedeng magpadala ng potable water dine sa evacuation center sa Poblacion 5.,RESOURCE_REQUEST,HIGH,none,Poblacion Barangay 5,"[{""text"":""Poblacion 5"",""label"":""LOCATION""}]",2026-09-04T06:48:06.275Z
synth_user_9a83c45b_53,synthetic,Resident of Talisay,"May residents na stranded sa Quiling, please send rescue assistance.",EMERGENCY_REPORT,HIGH,none,Quiling,"[{""text"":""Quiling"",""label"":""LOCATION""}]",2026-09-11T11:24:14.594Z
synth_user_74024712_54,synthetic,Resident of Talisay,"May nahihirapang huminga sa Poblacion 6, kapal ng abo eh, kailangan ng lunas agad.",CASUALTY_REPORT,CRITICAL,volcanic_eruption,Poblacion Barangay 6,"[{""text"":""Poblacion 6"",""label"":""LOCATION""},{""text"":""abo"",""label"":""INCIDENT""}]",2026-09-02T07:07:45.881Z
synth_user_799d0eb5_55,synthetic,Resident of Talisay,HIRAP HUMINGA D2 Poblacion Barangay 3 dhl sA aBo!!! NEED MEDIC PLS ASAP!!! 😭😭,CASUALTY_REPORT,CRITICAL,volcanic_eruption,Poblacion Barangay 3,"[{""text"":""Poblacion Barangay 3"",""label"":""LOCATION""},{""text"":""aBo"",""label"":""INCIDENT""}]",2026-09-02T11:55:48.458Z
synth_user_331255b4_56,synthetic,Resident of Talisay,BL0CK3D d4An sA Poblacion Barangay 6 dHl sA ABo!!! pLs h3lp,EMERGENCY_REPORT,HIGH,volcanic_eruption,Poblacion Barangay 6,"[{""text"":""Poblacion Barangay 6"",""label"":""LOCATION""},{""text"":""ABo"",""label"":""INCIDENT""}]",2026-09-07T07:51:09.097Z
synth_user_2647dc4b_57,synthetic,Resident of Talisay,s4f3 n4 b4 bum4l1k s4 Barangay Tumaway??? aBo p4 r1n 😭,STATUS_INQUIRY,LOW,volcanic_eruption,Tumaway,"[{""text"":""Barangay Tumaway"",""label"":""LOCATION""},{""text"":""aBo"",""label"":""INCIDENT""}]",2026-09-13T01:43:14.794Z
synth_user_bcd5020d_58,synthetic,Resident of Talisay,Residents in Banga need potable water because the local supply is contaminated by ash.,RESOURCE_REQUEST,HIGH,volcanic_eruption,Banga,"[{""text"":""Banga"",""label"":""LOCATION""},{""text"":""ash"",""label"":""INCIDENT""}]",2026-09-04T05:23:24.757Z
synth_user_47b7631a_59,synthetic,Resident of Talisay,"Pwede na bang bumalik sa Barangay Tranca, o delikado pa dahil sa abo?",STATUS_INQUIRY,LOW,volcanic_eruption,Tranca,"[{""text"":""Barangay Tranca"",""label"":""LOCATION""},{""text"":""abo"",""label"":""INCIDENT""}]",2026-09-12T21:06:55.762Z
synth_user_dd83cde1_60,synthetic,Resident of Talisay,sAn EVAC cEntEr n3Ar Leynes??? pLS hELP ASAP!!!,RESOURCE_REQUEST,HIGH,none,Leynes,"[{""text"":""Leynes"",""label"":""LOCATION""}]",2026-09-08T05:27:57.985Z
synth_user_908681d0_61,synthetic,Resident of Talisay,Where is the nearest evacuation center for residents of Banga?,RESOURCE_REQUEST,LOW,none,Banga,"[{""text"":""Banga"",""label"":""LOCATION""}]",2026-09-08T14:40:35.564Z
synth_user_a1a0eb9a_62,synthetic,Resident of Talisay,"May nahihirapang huminga sa Brgy. 3 dahil sa ashfall, need po ng medical help.",CASUALTY_REPORT,CRITICAL,volcanic_eruption,Poblacion Barangay 3,"[{""text"":""Brgy. 3"",""label"":""LOCATION""},{""text"":""ashfall"",""label"":""INCIDENT""}]",2026-09-05T17:14:12.160Z
synth_user_335e43da_63,synthetic,Resident of Talisay,"Pwede na bang bumalik sa Kiling, o delikado pa dahil sa abo?",STATUS_INQUIRY,LOW,volcanic_eruption,Quiling,"[{""text"":""Kiling"",""label"":""LOCATION""},{""text"":""abo"",""label"":""INCIDENT""}]",2026-09-04T23:57:52.572Z
synth_user_824bd9f3_64,synthetic,Resident of Talisay,Saan kaya ang evacuation center na malapit sa Brgy. Leynes?,RESOURCE_REQUEST,LOW,none,Leynes,"[{""text"":""Brgy. Leynes"",""label"":""LOCATION""}]",2026-08-31T11:41:16.055Z
synth_user_eb0141a0_65,synthetic,Resident of Talisay,h1R4p hUm1ng4 sA Poblacion 4 dHl sA aBo 😭 nEed m3d1c pLs!!!,CASUALTY_REPORT,CRITICAL,volcanic_eruption,Poblacion Barangay 4,"[{""text"":""Poblacion 4"",""label"":""LOCATION""},{""text"":""aBo"",""label"":""INCIDENT""}]",2026-09-06T09:17:11.716Z
synth_user_d65e834f_66,synthetic,Resident of Talisay,check up lng po sana my allergy reaction kc bunso ko sa pagkain d2 sa relief goods Brgy Sta. Maria,RESOURCE_REQUEST,MEDIUM,none,Santa Maria,"[{""text"":""Brgy Sta. Maria"",""label"":""LOCATION""}]",2026-09-13T17:34:18.333Z
synth_user_ae44215d_67,synthetic,Resident of Talisay,"Salamat po sa medical team na dumalaw kagabi, gumaling na po ang lagnat ng bata namin, Brgy Balas.",FEEDBACK_OR_THANKS,LOW,none,Balas,"[{""text"":""Brgy Balas"",""label"":""LOCATION""}]",2026-08-31T07:44:06.899Z
synth_user_9d8f53ac_68,synthetic,Resident of Talisay,"Salamat po sa medical mission kahapon, malaking tulong po ito para sa mga may sakit dito, Brgy. Poblacion 7.",FEEDBACK_OR_THANKS,LOW,none,Poblacion Barangay 7,"[{""text"":""Brgy. Poblacion 7"",""label"":""LOCATION""}]",2026-09-01T00:49:22.361Z
synth_user_984056b6_69,synthetic,Resident of Talisay,"sana marami pang tumulong parang kanina, galing pa kabilang bayan, Brgy San Guillermo.",FEEDBACK_OR_THANKS,LOW,none,San Guillermo,"[{""text"":""Brgy San Guillermo"",""label"":""LOCATION""}]",2026-09-09T22:39:59.039Z
synth_user_267e5044_70,synthetic,Resident of Talisay,"Marami pong senior citizens dito na wala nang makain mula kagabi, malapit sa Taal Lake shoreline.",RESOURCE_REQUEST,HIGH,none,Unknown,"[{""text"":""Taal Lake shoreline"",""label"":""LOCATION""}]",2026-09-03T16:40:38.480Z
synth_user_1908be85_71,synthetic,Resident of Talisay,"Ilang araw na pong walang kuryente dito sa bangketa malapit sa simbahan, apektado na rin ang water pump ng barangay Pob 7.",EMERGENCY_REPORT,MEDIUM,none,Poblacion Barangay 7,"[{""text"":""bangketa malapit sa simbahan"",""label"":""LOCATION""},{""text"":""Pob 7"",""label"":""LOCATION""}]",2026-09-04T02:30:05.160Z
synth_user_01092e6b_72,synthetic,Resident of Talisay,kelan po kaya maaayos linya ng kuryente d2 samin puro ilaw kandila gamit namin Brgy Poblacion 5,STATUS_INQUIRY,LOW,none,Poblacion Barangay 5,"[{""text"":""Brgy Poblacion 5"",""label"":""LOCATION""}]",2026-09-08T23:07:06.620Z
synth_user_9523ccee_73,synthetic,Resident of Talisay,HELPPP yuung tatay ko ay nahihirapan huminga gawa chest pain need napo ambulansya asap Brgy Buco malapit sa tulay papuntang Sampaloc 😭,CASUALTY_REPORT,CRITICAL,none,Buco,"[{""text"":""chest pain"",""label"":""INCIDENT""},{""text"":""Brgy Buco"",""label"":""LOCATION""},{""text"":""tulay papuntang Sampaloc"",""label"":""LOCATION""},{""text"":""Sampaloc"",""label"":""LOCATION""}]",2026-09-01T05:04:58.724Z
synth_user_bc6c3585_74,synthetic,Resident of Talisay,Kailangan po ng bangka para sa mga pamilyang naipit sa baha malapit sa tulay papuntang Sampaloc at sa Brgy. Poblacion 2.,RESOURCE_REQUEST,HIGH,flood,Poblacion Barangay 2,"[{""text"":""baha"",""label"":""INCIDENT""},{""text"":""tulay papuntang Sampaloc"",""label"":""LOCATION""},{""text"":""Sampaloc"",""label"":""LOCATION""},{""text"":""Brgy. Poblacion 2"",""label"":""LOCATION""}]",2026-09-01T17:54:01.097Z
synth_user_be7913e8_75,synthetic,Resident of Talisay,natumba ung malaking puno kasama poste sa may boundary ng Laurel blocked n daan papuntang Poblacion 1,EMERGENCY_REPORT,HIGH,typhoon,Poblacion Barangay 1,"[{""text"":""natumba ung malaking puno kasama poste"",""label"":""INCIDENT""},{""text"":""boundary ng Laurel"",""label"":""LOCATION""},{""text"":""Laurel"",""label"":""LOCATION""},{""text"":""Poblacion 1"",""label"":""LOCATION""}]",2026-09-08T14:08:35.566Z
synth_user_1120d3eb_76,synthetic,Resident of Talisay,thank u po sa mga volunteers galing pa ibang bayan at Barangay na tumulong d2 samin Brgy Caloocan 😊,FEEDBACK_OR_THANKS,LOW,none,Caloocan,"[{""text"":""Brgy Caloocan"",""label"":""LOCATION""}]",2026-09-01T06:33:33.434Z
synth_user_4b09ce3c_77,synthetic,Resident of Talisay,"Padine ho kayo at kailangan ho namin gatas para kay bunso, ala eh kahapon pa ubos ang stock namin dine sa evac center sa Quiling eh",RESOURCE_REQUEST,HIGH,none,Quiling,"[{""text"":""evac center sa Quiling"",""label"":""LOCATION""},{""text"":""Quiling"",""label"":""LOCATION""}]",2026-09-04T21:34:07.309Z
synth_user_a45b9e37_78,synthetic,Resident of Talisay,"Magandang umaga po, gusto ko lang po itanong kung ligtas na bumalik sa bahay sa Brgy. Quiling?",STATUS_INQUIRY,LOW,none,Quiling,"[{""text"":""Brgy. Quiling"",""label"":""LOCATION""}]",2026-09-11T10:11:42.218Z
synth_user_b6fcff33_79,synthetic,Resident of Talisay,"Naiwan po yung maintenance meds ni lolo sa bahang bahay namin, need na ma-refill po asap, kasd heart patient po siya doon po sa Brgy Banga bahay namin",RESOURCE_REQUEST,HIGH,flood,Banga,"[{""text"":""bahang"",""label"":""INCIDENT""},{""text"":""Brgy Banga"",""label"":""LOCATION""}]",2026-09-07T22:54:35.897Z
synth_user_7de11562_80,synthetic,Resident of Talisay,Salamat po sa patuloy na suporta ng munisipyo sa amin dito sa Brgy. Sampaloc.,FEEDBACK_OR_THANKS,LOW,none,Sampaloc,"[{""text"":""Brgy. Sampaloc"",""label"":""LOCATION""}]",2026-09-13T10:19:15.795Z
synth_user_7587de47_81,synthetic,Resident of Talisay,kelan po kaya maaayos linya ng kuryente d2 samin puro ilaw kandila gamit namin Brgy Caloocan,STATUS_INQUIRY,MEDIUM,none,Caloocan,"[{""text"":""Brgy Caloocan"",""label"":""LOCATION""}]",2026-09-12T03:14:44.991Z
synth_user_0828b18a_82,synthetic,Resident of Talisay,"Magandang araw po, gusto ko lang pasalamatan ang mga barangay officials ng Poblacion 7 sa mabilis na aksyon.",FEEDBACK_OR_THANKS,LOW,none,Poblacion Barangay 7,"[{""text"":""Poblacion 7"",""label"":""LOCATION""}]",2026-09-07T16:39:54.302Z
synth_user_68dafdf4_83,synthetic,Resident of Talisay,Meron na po bang update kung kailan darating ang water refilling truck?,STATUS_INQUIRY,MEDIUM,none,Unknown,[],2026-09-05T07:09:11.191Z
synth_user_a5ae8253_84,synthetic,Resident of Talisay,"Ala eh nabagsakan po ng puno ang bubong namin dine sa Sta. Maria, paki puntahan niyo naman po.",EMERGENCY_REPORT,HIGH,typhoon,Santa Maria,"[{""text"":""nabagsakan po ng puno"",""label"":""INCIDENT""},{""text"":""Sta. Maria"",""label"":""LOCATION""}]",2026-09-07T18:56:13.181Z
synth_user_a35a5695_85,synthetic,Resident of Talisay,"May himatayin pong lola dito sa evacuation center malapit sa evacuation center sa gym, mukhang stroke po, need na ng medic ngayon",CASUALTY_REPORT,CRITICAL,none,Unknown,"[{""text"":""evacuation center sa gym"",""label"":""LOCATION""}]",2026-09-05T15:32:16.848Z
synth_user_04d05bd1_86,synthetic,Resident of Talisay,"Salamat po sa mga naghatid ng gamot kahapon, gumaling na po ang lagnat ng apo ko, Brgy Poblacion 7.",FEEDBACK_OR_THANKS,LOW,none,Poblacion Barangay 7,"[{""text"":""Brgy Poblacion 7"",""label"":""LOCATION""}]",2026-09-12T15:07:14.840Z
synth_user_b1234f0a_87,synthetic,Resident of Talisay,kelan po b susunod n weather update para samin d2 sa Brgy Miranda,STATUS_INQUIRY,LOW,typhoon,Miranda,"[{""text"":""Brgy Miranda"",""label"":""LOCATION""}]",2026-09-04T00:56:00.488Z
synth_user_e0897c44_88,synthetic,Resident of Talisay,"Naiwan po yung maintenance meds ni mama sa nabahang bahay namin, need ma-refill asap, diabetic patient po siya, taga Brgy San Guillermo po kame.",RESOURCE_REQUEST,HIGH,flood,San Guillermo,"[{""text"":""nabahang"",""label"":""INCIDENT""},{""text"":""Brgy San Guillermo"",""label"":""LOCATION""}]",2026-09-11T23:10:15.796Z
synth_user_fbf6a709_89,synthetic,Resident of Talisay,hi po ask ko lng kung san po pwd magdonate ng relief goods para sa Brgy Poblacion 8,CASUAL_OR_GREETING,LOW,none,Poblacion Barangay 8,"[{""text"":""Brgy Poblacion 8"",""label"":""LOCATION""}]",2026-09-07T20:02:53.975Z
synth_user_c8278084_90,synthetic,Resident of Talisay,thank u po sa mga volunteers galing pa ibang bayan tumulong d2 samin Brgy Quiling 😊,FEEDBACK_OR_THANKS,LOW,none,Quiling,"[{""text"":""Brgy Quiling"",""label"":""LOCATION""}]",2026-09-13T11:31:54.974Z
synth_user_bedcb3c7_91,synthetic,Resident of Talisay,"Medyo nasira ang bubong ng health center dahil sa malakas na hangin, Brgy Sampaloc.",EMERGENCY_REPORT,HIGH,typhoon,Sampaloc,"[{""text"":""health center"",""label"":""LOCATION""},{""text"":""malakas na hangin"",""label"":""INCIDENT""},{""text"":""Brgy Sampaloc"",""label"":""LOCATION""}]",2026-09-01T05:39:03.481Z
synth_user_df8a9ef3_92,synthetic,Resident of Talisay,Naputol ang linya ng tubig papunta sa amin matapos masira ang pipeline malapit sa palengke ng Brgy Sta. Maria.,EMERGENCY_REPORT,MEDIUM,none,Santa Maria,"[{""text"":""palengke ng Brgy Sta. Maria"",""label"":""LOCATION""},{""text"":""Brgy Sta. Maria"",""label"":""LOCATION""}]",2026-09-05T18:55:39.976Z
synth_user_aedb3c62_93,synthetic,Resident of Talisay,"Nadikit na po ang tubig sa bubong namin dine sa evacuation center sa gym, Brgy Caloocan, di kami marunong lumangoy walanya",EMERGENCY_REPORT,CRITICAL,flood,Caloocan,"[{""text"":""tubig"",""label"":""INCIDENT""},{""text"":""evacuation center sa gym"",""label"":""LOCATION""},{""text"":""Brgy Caloocan"",""label"":""LOCATION""}]",2026-09-13T16:02:34.103Z
synth_user_f838e74f_94,synthetic,Resident of Talisay,"Ala eh tulong naman po! Natabunan na ang daan sa Brgy. Buco gawa ng landslide, di makadaan ang ambulansya!",EMERGENCY_REPORT,HIGH,landslide,Buco,"[{""text"":""Brgy. Buco"",""label"":""LOCATION""},{""text"":""landslide"",""label"":""INCIDENT""}]",2026-09-03T14:02:54.197Z
synth_user_9f1dd20e_95,synthetic,Resident of Talisay,wla n daan papuntang Banga natabunan ng lupa may naiipit daw sa loob ng kotse pki tulungan,EMERGENCY_REPORT,CRITICAL,landslide,Banga,"[{""text"":""Banga"",""label"":""LOCATION""},{""text"":""natabunan ng lupa"",""label"":""INCIDENT""}]",2026-09-10T19:02:09.957Z
synth_user_7b7b4810_96,synthetic,Resident of Talisay,"Sun0G poH D2 pOB 1 Bc0z ng k1dL4t k4g4b1h, pLS 53ND BUMbERO",EMERGENCY_REPORT,CRITICAL,fire,Poblacion Barangay 1,"[{""text"":""Sun0G"",""label"":""INCIDENT""},{""text"":""pOB 1"",""label"":""LOCATION""}]",2026-09-10T01:53:07.834Z
synth_user_fa8626f8_97,synthetic,Resident of Talisay,"Naaamoy po namin ang usok mula sa Poblacion 1, natatakot kami baka kumalat pa ang apoy.",EMERGENCY_REPORT,HIGH,fire,Poblacion Barangay 1,"[{""text"":""usok"",""label"":""INCIDENT""},{""text"":""Poblacion 1"",""label"":""LOCATION""},{""text"":""apoy"",""label"":""INCIDENT""}]",2026-09-10T00:52:59.129Z
synth_user_672050ce_98,synthetic,Resident of Talisay,"F1r3 n4 N4M4N sA Brgy 1 dHl sA kUrY3nT3!!! h3lp pLs"",",EMERGENCY_REPORT,CRITICAL,fire,Poblacion Barangay 1,"[{""text"":""F1r3"",""label"":""INCIDENT""},{""text"":""Brgy 1"",""label"":""LOCATION""}]",2026-09-09T14:03:35.459Z
synth_user_4fe0fcaa_99,synthetic,Resident of Talisay,"May grassfire na kumakalat malapit sa Poblacion 1 dahil sa dry season after ng bagyo, pls send bumbero.",EMERGENCY_REPORT,HIGH,fire,Poblacion Barangay 1,"[{""text"":""grassfire"",""label"":""INCIDENT""},{""text"":""Poblacion 1"",""label"":""LOCATION""}]",2026-08-31T03:02:49.889Z
synth_user_62af4058_100,synthetic,Resident of Talisay,"Grabe, kumalat na ang apoy sa damuhan malapit sa Poblacion Barangay 1 dahil sa tuyot na lupa, e.",EMERGENCY_REPORT,HIGH,fire,Poblacion Barangay 1,"[{""text"":""apoy"",""label"":""INCIDENT""},{""text"":""Poblacion Barangay 1"",""label"":""LOCATION""}]",2026-09-12T01:50:37.095Z
synth_user_594a3888_101,synthetic,Resident of Talisay,saan po dito may sabungan sa Sampaloc?,OTHER,LOW,none,Sampaloc,"[{""text"":""Sampaloc"",""label"":""LOCATION""}]",2026-09-02T08:55:17.513Z
synth_user_e847ba82_102,synthetic,Resident of Talisay,sunog po dito sa tumaway at dalawang bahay na po ang natupok ng apoy,EMERGENCY_REPORT,CRITICAL,fire,Tumaway,"[{""text"":""sunog"",""label"":""INCIDENT""},{""text"":""tumaway"",""label"":""LOCATION""},{""text"":""apoy"",""label"":""INCIDENT""}]",2026-09-04T23:55:42.708Z
synth_user_e2d8c7e7_103,synthetic,Resident of Talisay,"stranded kami dito sa Brgy Miranda, 6 pamilya, wala kaming paraan na makalabas pls help",EMERGENCY_REPORT,HIGH,none,Miranda,"[{""text"":""Brgy Miranda"",""label"":""LOCATION""}]",2026-09-09T02:11:11.591Z
synth_user_076369c0_104,synthetic,Resident of Talisay,hlp po s Brgy Leynes may nsa bubong n pamilya d2 3 oras na wlang rescue!!!,EMERGENCY_REPORT,CRITICAL,flood,Leynes,"[{""text"":""Brgy Leynes"",""label"":""LOCATION""}]",2026-09-09T20:18:45.915Z
synth_user_fd89fe15_105,synthetic,Resident of Talisay,grabe tlga ang baha d2 s Brgy Cawit  nasa bubong n kmi 😭😭,EMERGENCY_REPORT,CRITICAL,flood,Unknown,"[{""text"":""baha"",""label"":""INCIDENT""},{""text"":""Brgy Cawit"",""label"":""LOCATION""}]",2026-09-07T08:42:13.984Z
synth_user_e4e8abd3_106,synthetic,Resident of Talisay,"may lindol dito sa Brgy Sampaloc biglang bumagsak ang pader ng kapitbahay namin, may nasugatan na residente tulong po",CASUALTY_REPORT,CRITICAL,earthquake,Sampaloc,"[{""text"":""lindol"",""label"":""INCIDENT""},{""text"":""Brgy Sampaloc"",""label"":""LOCATION""}]",2026-09-10T18:40:58.795Z
synth_user_b9e0a76c_107,synthetic,Resident of Talisay,gRaBe p0 yUnG lAkAs nYa mArAmInG bAhAy nAsIrA n pLs hElP!!!,EMERGENCY_REPORT,HIGH,none,Unknown,[],2026-09-07T18:27:13.089Z
synth_user_8e5f3660_108,synthetic,Resident of Talisay,OMG L1ND0L P0 D2 SA BRGY TUMAWAY GRABE ANG LAKAS NYA HINDI NA KAMI MAKALABAS NG BAHAY PLS HELP 😱😱,EMERGENCY_REPORT,CRITICAL,earthquake,Tumaway,"[{""text"":""L1ND0L"",""label"":""INCIDENT""},{""text"":""BRGY TUMAWAY"",""label"":""LOCATION""}]",2026-09-09T06:18:17.929Z
synth_user_33d1113b_109,synthetic,Resident of Talisay,Bes grabe yung lindol kanina sa Brgy Leynes nahulog lahat ng gamit namin sa bahay char pero totoo delikado na,EMERGENCY_REPORT,HIGH,earthquake,Leynes,"[{""text"":""lindol"",""label"":""INCIDENT""},{""text"":""Brgy Leynes"",""label"":""LOCATION""}]",2026-09-01T04:59:10.232Z
synth_user_4d3ea74e_110,synthetic,Resident of Talisay,L1nd0l d2 brgy pob 3!!! mrming bhay nsra nd2 pls snd rscue ASAP!!!,EMERGENCY_REPORT,CRITICAL,earthquake,Poblacion Barangay 3,"[{""text"":""L1nd0l"",""label"":""INCIDENT""},{""text"":""brgy pob 3"",""label"":""LOCATION""}]",2026-09-13T01:36:13.159Z
synth_user_41d398d1_111,synthetic,Resident of Talisay,Grabe na ang baha dito sa Leynes halos tuhod na ang tubig sa loob ng bahay namin kailan darating ang rescue,EMERGENCY_REPORT,HIGH,flood,Leynes,"[{""text"":""baha"",""label"":""INCIDENT""},{""text"":""Leynes"",""label"":""LOCATION""}]",2026-09-11T23:42:08.804Z
synth_user_50067e2f_112,synthetic,Resident of Talisay,Ateh yung baha sa Brgy Cawit ay grabe na talaga parang dagat na ang kalsada namin dito puro tubig,EMERGENCY_REPORT,HIGH,flood,Unknown,"[{""text"":""baha"",""label"":""INCIDENT""},{""text"":""Brgy Cawit"",""label"":""LOCATION""}]",2026-09-07T00:55:51.264Z
synth_user_41577d25_113,synthetic,Resident of Talisay,Reported landslide incident in Barangay Tumaway blocking the main road. Several families are trapped and need immediate assistance,EMERGENCY_REPORT,CRITICAL,landslide,Tumaway,"[{""text"":""landslide"",""label"":""INCIDENT""},{""text"":""Barangay Tumaway"",""label"":""LOCATION""}]",2026-09-08T08:38:15.614Z
synth_user_be8d58ec_114,synthetic,Resident of Talisay,Grabe yung bagyo kanina sa Brgy Leynes maraming bahay ang nawasak kailan darating ang relief goods,RESOURCE_REQUEST,HIGH,typhoon,Leynes,"[{""text"":""bagyo"",""label"":""INCIDENT""},{""text"":""Brgy Leynes"",""label"":""LOCATION""}]",2026-08-31T23:26:12.781Z
synth_user_da09f3b3_115,synthetic,Resident of Talisay,grbe gho lpa d2 brgy qling pti bhay nmin natmaan need hlp ASAP!!!,EMERGENCY_REPORT,CRITICAL,landslide,Quiling,"[{""text"":""gho lpa"",""label"":""INCIDENT""},{""text"":""brgy qling"",""label"":""LOCATION""}]",2026-09-11T19:53:59.756Z
synth_user_ef3f373a_116,synthetic,Resident of Talisay,s4f3 n4 b4 bUm4l1k s4 bRgY qU1l1nG??? mAy L1nD0l p4 r1n d4w 😭😭,STATUS_INQUIRY,LOW,earthquake,Quiling,"[{""text"":""bRgY qU1l1nG"",""label"":""LOCATION""},{""text"":""L1nD0l"",""label"":""INCIDENT""}]",2026-09-06T19:10:54.016Z
synth_user_babd7b3f_117,synthetic,Resident of Talisay,Reported severe flooding in Barangay Buco water level has reached roof level and we need rescue operations urgently,EMERGENCY_REPORT,CRITICAL,flood,Buco,"[{""text"":""flooding"",""label"":""INCIDENT""},{""text"":""Barangay Buco"",""label"":""LOCATION""}]",2026-09-07T21:31:39.436Z
synth_user_986661ac_118,synthetic,Resident of Talisay,bhy0 d2 brgy leynes nwsk na lahat grbe yng hngn pls snd hlp,EMERGENCY_REPORT,HIGH,typhoon,Leynes,"[{""text"":""bhy0"",""label"":""INCIDENT""},{""text"":""brgy leynes"",""label"":""LOCATION""},{""text"":""hngn"",""label"":""INCIDENT""}]",2026-09-12T08:43:36.904Z
synth_user_cd551449_119,synthetic,Resident of Talisay,"Tulong po, may gumuhong lupa dito sa Barangay Sampaloc",EMERGENCY_REPORT,HIGH,landslide,Sampaloc,"[{""text"":""gumuhong lupa"",""label"":""INCIDENT""},{""text"":""Barangay Sampaloc"",""label"":""LOCATION""}]",2026-09-10T09:21:31.923Z
synth_user_0771ac0d_120,synthetic,Resident of Talisay,Wala po bang tulong dine sa tumaway kailangan po namin maka lipat ng evacuation center,RESOURCE_REQUEST,HIGH,none,Tumaway,"[{""text"":""tumaway"",""label"":""LOCATION""}]",2026-09-11T05:05:59.679Z
synth_user_281bbd5e_121,synthetic,Resident of Talisay,"Mayroon pong gumuhong lupa dito sa Poblacion 1 at may taong natabunan, kailangan po namin ng tulong nyo ngayon para mahukay yung tao",EMERGENCY_REPORT,CRITICAL,landslide,Poblacion Barangay 1,"[{""text"":""gumuhong lupa"",""label"":""INCIDENT""},{""text"":""Poblacion 1"",""label"":""LOCATION""},{""text"":""natabunan"",""label"":""INCIDENT""}]",2026-09-04T14:45:17.235Z
synth_user_00ad443e_122,synthetic,Resident of Talisay,Magandang umaga po may gumuhong gusali po dito sa Poblacion 2 at kasalukuyang hinaharangan po ang kalsadsa,EMERGENCY_REPORT,HIGH,landslide,Poblacion Barangay 2,"[{""text"":""gumuhong gusali"",""label"":""INCIDENT""},{""text"":""Poblacion 2"",""label"":""LOCATION""}]",2026-09-10T06:34:27.931Z
synth_user_a3f4e9a8_123,synthetic,Resident of Talisay,Baka naman po makakarespond agad kayo gawa ng may tumumbang poste ng kuryente dito sa Barangay Banga at nag lawit po ang kable ng kuryente,EMERGENCY_REPORT,HIGH,typhoon,Banga,"[{""text"":""tumumbang poste ng kuryente"",""label"":""INCIDENT""},{""text"":""Barangay Banga"",""label"":""LOCATION""},{""text"":""nag lawit po ang kable ng kuryente"",""label"":""INCIDENT""}]",2026-09-04T03:54:10.261Z
synth_user_2495c7df_124,synthetic,Resident of Talisay,Need po namin agarang tulong dito sa Barangay Caloocan gawa ng may na trapped po na bata dito sa gumuhong bahay,EMERGENCY_REPORT,CRITICAL,landslide,Caloocan,"[{""text"":""Barangay Caloocan"",""label"":""LOCATION""},{""text"":""na trapped"",""label"":""INCIDENT""},{""text"":""gumuhong bahay"",""label"":""INCIDENT""}]",2026-09-02T06:22:57.233Z
synth_user_37ebc1bd_125,synthetic,Resident of Talisay,"Magandang gabi, pwede po ba kayo magpadala ng tao dito sa Barangay Sampaloc, malapit po sa highway para po maalis namin ang mga bato na nanggaling sa landslide",RESOURCE_REQUEST,HIGH,landslide,Sampaloc,"[{""text"":""Barangay Sampaloc"",""label"":""LOCATION""},{""text"":""highway"",""label"":""LOCATION""},{""text"":""landslide"",""label"":""INCIDENT""}]",2026-09-11T00:11:44.967Z
synth_user_74bead3a_126,synthetic,Resident of Talisay,"walangya kanina pa kame nahinge ng tulong dito sa tumaway gawa ng pagputok ng bulkang taal, bakit wala parin narespond sa inyo?",EMERGENCY_REPORT,HIGH,volcanic_eruption,Tumaway,"[{""text"":""tumaway"",""label"":""LOCATION""},{""text"":""pagputok ng bulkang taal"",""label"":""INCIDENT""}]",2026-09-10T14:24:58.390Z
synth_user_8893ef67_127,synthetic,Resident of Talisay,"nawawala po yung kapatid ko tinangay daw po ng bahay dito sa tranca, kanina pa po namin hinahanap pero hindi namin makita tulong po!!!!!",CASUALTY_REPORT,CRITICAL,flood,Tranca,"[{""text"":""nawawala"",""label"":""INCIDENT""},{""text"":""tinangay"",""label"":""INCIDENT""},{""text"":""tranca"",""label"":""LOCATION""}]",2026-09-13T13:09:19.041Z
synth_user_9d187222_128,synthetic,Resident of Talisay,"tulong po nabagsakan po ng pader yung kapatid dahil sa lindol, malapit po kame eskwelahan sa quiling",CASUALTY_REPORT,CRITICAL,earthquake,Quiling,"[{""text"":""nabagsakan po ng pader"",""label"":""INCIDENT""},{""text"":""lindol"",""label"":""INCIDENT""},{""text"":""quiling"",""label"":""LOCATION""}]",2026-09-07T03:12:37.841Z
synth_user_d92eb221_129,synthetic,Resident of Talisay,kumakapal na po yung hamog dito sa barangay miranda at baka po makakapagpadala kayo tao gawa hindi ko malabas magisa yung lumpong magulang ko,EMERGENCY_REPORT,HIGH,volcanic_eruption,Miranda,"[{""text"":""hamog"",""label"":""INCIDENT""},{""text"":""barangay miranda"",""label"":""LOCATION""}]",2026-09-02T10:40:17.906Z
synth_user_05fc2601_130,synthetic,Resident of Talisay,saan po kaya pwedeng mag evacuate dito sa quiling?,RESOURCE_REQUEST,MEDIUM,none,Quiling,"[{""text"":""quiling"",""label"":""LOCATION""}]",2026-09-01T22:56:33.439Z
synth_user_0a92c8be_131,synthetic,Resident of Talisay,waaah help!!!! mEy nAaNoD sA iLoG sA qUiling!!!!! tulooong!!!!,EMERGENCY_REPORT,CRITICAL,flood,Quiling,"[{""text"":""nAaNoD"",""label"":""INCIDENT""},{""text"":""ilog"",""label"":""LOCATION""},{""text"":""qUiling"",""label"":""LOCATION""}]",2026-09-03T12:43:28.312Z
synth_user_15a4d3f0_132,synthetic,Resident of Talisay,kailan po kaya titigil ang pagulan?,STATUS_INQUIRY,LOW,typhoon,Unknown,"[{""text"":""pagulan"",""label"":""INCIDENT""}]",2026-09-10T18:06:40.069Z
synth_user_9a3f5bdc_133,synthetic,Resident of Talisay,magpadala na po kayo ng bangka dine sa tranca at walangya gatao na ang baha,RESOURCE_REQUEST,HIGH,flood,Tranca,"[{""text"":""tranca"",""label"":""LOCATION""},{""text"":""baha"",""label"":""INCIDENT""}]",2026-09-12T17:19:48.865Z
synth_user_db26c77c_134,synthetic,Resident of Talisay,urgent po need po namin ng responder dito sa tranca dahil gumuho po yung lupa sa paahon dito at may mga bahay  na natabunan,EMERGENCY_REPORT,CRITICAL,landslide,Tranca,"[{""text"":""tranca"",""label"":""LOCATION""},{""text"":""gumuho po yung lupa"",""label"":""INCIDENT""},{""text"":""natabunan"",""label"":""INCIDENT""}]",2026-09-12T16:42:23.357Z
synth_user_7d82892e_135,synthetic,Resident of Talisay,mahamog na po dito sa Sampaloc gawa ng buga ng usok ng taal baka naman po may supplies kayo na maibibigay samen,RESOURCE_REQUEST,HIGH,volcanic_eruption,Sampaloc,"[{""text"":""Sampaloc"",""label"":""LOCATION""},{""text"":""buga ng usok ng taal"",""label"":""INCIDENT""}]",2026-09-05T08:15:03.331Z
synth_user_30312802_136,synthetic,Resident of Talisay,"saklolo po may nasusunog at na bahay dito sa buco at naiwan po yung dalawang bata sa loob, bilisan nyo po at mabilis nakalat ang apoy",EMERGENCY_REPORT,CRITICAL,fire,Buco,"[{""text"":""nasusunog"",""label"":""INCIDENT""},{""text"":""buco"",""label"":""LOCATION""},{""text"":""apoy"",""label"":""INCIDENT""}]",2026-09-06T23:51:59.609Z
synth_user_316c2dda_137,synthetic,Resident of Talisay,aba'y abot tao na ang baha ayaw ninyo parin kumilos,OTHER,HIGH,flood,Unknown,"[{""text"":""baha"",""label"":""INCIDENT""}]",2026-09-13T17:20:35.499Z
synth_user_94238adc_138,synthetic,Resident of Talisay,kanina pako nag aantay ng rescue dito sa cawit hanggang bubong na ang baha bakit wala padin kayo? babarilin ko na kayo,EMERGENCY_REPORT,CRITICAL,flood,Unknown,"[{""text"":""cawit"",""label"":""LOCATION""},{""text"":""baha"",""label"":""INCIDENT""}]",2026-09-08T04:53:10.714Z
synth_user_69a96135_139,synthetic,Resident of Talisay,"grabe ang abo dito dine leynes hindi na namen makita ang langit, baka naman matutulungan nyo kameng lumikas",RESOURCE_REQUEST,HIGH,volcanic_eruption,Leynes,"[{""text"":""abo"",""label"":""INCIDENT""},{""text"":""leynes"",""label"":""LOCATION""}]",2026-09-02T00:32:34.882Z
synth_user_08d71870_140,synthetic,Resident of Talisay,pwede po bang huminge ng tulong? magpapa rescue po kame dito sa balas gawa ng hindi po kame makalabas dahil natabunan ng lupa yung daanan palabas,EMERGENCY_REPORT,CRITICAL,landslide,Balas,"[{""text"":""balas"",""label"":""LOCATION""},{""text"":""natabunan ng lupa"",""label"":""INCIDENT""}]",2026-09-10T17:00:58.171Z
synth_user_6a5f9f17_141,synthetic,Resident of Talisay,"2long po sobrang lakas na po ng buga ng usok ng taal, baka po may mga supplies kayo na pedeng ipamigay dito sa Barangay Sampaloc",RESOURCE_REQUEST,HIGH,volcanic_eruption,Sampaloc,"[{""text"":""buga ng usok ng taal"",""label"":""INCIDENT""},{""text"":""Barangay Sampaloc"",""label"":""LOCATION""}]",2026-09-02T22:42:46.334Z
synth_user_e066db4b_142,synthetic,Resident of Talisay,"baka po makakapagpadala kayo ng mga tauhan para alisin yung mga batong nasa kalsada dahil sa landslide, nagt-traffic na po dito at gusto ko na tsumibog",RESOURCE_REQUEST,HIGH,landslide,Unknown,"[{""text"":""landslide"",""label"":""INCIDENT""}]",2026-09-13T19:50:51.462Z
synth_user_10f17b6c_143,synthetic,Resident of Talisay,"makapal na ang abo sa kalsada dito sa aya, linisin nyo nga to",RESOURCE_REQUEST,MEDIUM,volcanic_eruption,Aya,"[{""text"":""abo"",""label"":""INCIDENT""},{""text"":""aya"",""label"":""LOCATION""}]",2026-09-12T04:04:35.082Z
synth_user_5aee4e53_144,synthetic,Resident of Talisay,"ubos na po ang pagkain namin dito sa bahay at tatlong araw na din walang tigil ang bagyo, kailan ba kayo magpapadala ng supply dito sa banga? mamamatay na kame kakaantay",RESOURCE_REQUEST,HIGH,typhoon,Banga,"[{""text"":""bagyo"",""label"":""INCIDENT""},{""text"":""banga"",""label"":""LOCATION""}]",2026-09-13T19:59:39.333Z
synth_user_50139057_145,synthetic,Resident of Talisay,need po namin ng medical supply nadale po ng lumipad na yero ang tatay ko at malalim po ngayon ang sugat,CASUALTY_REPORT,CRITICAL,typhoon,Unknown,"[{""text"":""lumipad na yero"",""label"":""INCIDENT""}]",2026-09-06T04:33:13.743Z
synth_user_799b4990_146,synthetic,Resident of Talisay,!!!tulong po tumataas na ang baha dito sa tranca nasa bubong na po kame ng bahay pero patuloy padin po ang pagtaas,EMERGENCY_REPORT,CRITICAL,flood,Tranca,"[{""text"":""baha"",""label"":""INCIDENT""},{""text"":""tranca"",""label"":""LOCATION""}]",2026-09-12T05:08:02.615Z
synth_user_2a1aa83a_147,synthetic,Resident of Talisay,"tatlong araw na hindi tumutigil ang ulan, maghanda na kyo ng food supplies at madameng pamilya dito sa caloocan ang nagugutom",RESOURCE_REQUEST,HIGH,typhoon,Caloocan,"[{""text"":""ulan"",""label"":""INCIDENT""},{""text"":""caloocan"",""label"":""LOCATION""}]",2026-09-02T16:20:12.391Z
synth_user_7f7a499e_148,synthetic,Resident of Talisay,hoy!!! kailan kayo magpapadala ng tao dito sa miranda? abay nakalat na ang apoy sa mga bahay bahay. Aantayin nyo pa ba na madaming bahay ang madamay,EMERGENCY_REPORT,CRITICAL,fire,Miranda,"[{""text"":""miranda"",""label"":""LOCATION""},{""text"":""apoy"",""label"":""INCIDENT""}]",2026-09-12T02:19:37.913Z
synth_user_98b9f61a_149,synthetic,Resident of Talisay,"may bata pong nabangga dito sa highway sa sta. maria, antatanga pa ng mga tao walang nahingi ng saklolo, kaya kayo na ang pumunta dine walangya",CASUALTY_REPORT,CRITICAL,none,Santa Maria,"[{""text"":""sta. maria"",""label"":""LOCATION""}]",2026-09-03T01:38:28.904Z
synth_user_31565761_150,synthetic,Resident of Talisay,"tulong po natabunan ng lupa galing sa landslide yung kapatid ko, taga leynes po kame",CASUALTY_REPORT,CRITICAL,landslide,Leynes,"[{""text"":""natabunan ng lupa"",""label"":""INCIDENT""},{""text"":""landslide"",""label"":""INCIDENT""},{""text"":""leynes"",""label"":""LOCATION""}]",2026-09-02T04:08:54.286Z
synth_user_22f2cb1a_151,synthetic,Resident of Talisay,palagi na lang gatao ang baha tuwing umuulan dito sa tranca,EMERGENCY_REPORT,HIGH,flood,Tranca,"[{""text"":""baha"",""label"":""INCIDENT""},{""text"":""tranca"",""label"":""LOCATION""}]",2026-09-06T21:23:54.335Z
synth_user_54a45172_152,synthetic,Resident of Talisay,stay safe po kayo nagaaburuto po ang taal,CASUAL_OR_GREETING,LOW,volcanic_eruption,Unknown,"[{""text"":""nagaaburuto"",""label"":""INCIDENT""},{""text"":""taal"",""label"":""LOCATION""}]",2026-09-01T21:14:57.992Z
synth_user_db265516_153,synthetic,Resident of Talisay,"tulong po may tinamaan ng yero lumilipad dito sa balas, mukhang maluha po ang kalagayan niya",CASUALTY_REPORT,CRITICAL,typhoon,Balas,"[{""text"":""balas"",""label"":""LOCATION""}]",2026-09-12T18:00:08.652Z
synth_user_785eccde_154,synthetic,Resident of Talisay,may dalawang kotse po ang nagsalpukan dito sa san guillermo kritikal po yung kalagayan ng isa,CASUALTY_REPORT,CRITICAL,none,San Guillermo,"[{""text"":""san guillermo"",""label"":""LOCATION""}]",2026-08-31T22:04:29.816Z
synth_user_f8fb5633_155,synthetic,Resident of Talisay,grabe ang lakas ng lindol may gumuhong bahay dito sa quiling !!!! pero buti naman walang nasaktan,EMERGENCY_REPORT,HIGH,earthquake,Quiling,"[{""text"":""lindol"",""label"":""INCIDENT""},{""text"":""gumuhong bahay"",""label"":""INCIDENT""},{""text"":""quiling"",""label"":""LOCATION""}]",2026-09-01T13:17:22.650Z
synth_user_4d25a592_156,synthetic,Resident of Talisay,"baka po makakahingi kayo ng tulong para maayos natumbang poste sa kalsada dito miranda, naglawit po kase yung kable ng kuryente baka may makuryente dine",EMERGENCY_REPORT,HIGH,typhoon,Miranda,"[{""text"":""natumbang poste"",""label"":""INCIDENT""},{""text"":""miranda"",""label"":""LOCATION""}]",2026-09-11T08:12:14.300Z
synth_user_9c1b375a_157,synthetic,Resident of Talisay,"sobrang lakas ng hangin dito sa tumaway, nagliliparan ang mga yero ng mga bahay!!!! magiingat po kayo",EMERGENCY_REPORT,HIGH,typhoon,Tumaway,"[{""text"":""lakas ng hangin"",""label"":""INCIDENT""},{""text"":""tumaway"",""label"":""LOCATION""}]",2026-08-31T20:48:14.206Z
synth_user_69c252a1_158,synthetic,Resident of Talisay,saan po makakahingi ng gamot dito sa poblacion 3? ubos na po ang supply sa drug store at 2 araw na po inaapoy ng lagnat ang anak ko!!!,RESOURCE_REQUEST,HIGH,none,Poblacion Barangay 3,"[{""text"":""poblacion 3"",""label"":""LOCATION""}]",2026-09-13T07:59:15.899Z
synth_user_b7ef8eb2_159,synthetic,Resident of Talisay,naramdaman nyo din ba yung lindol??? walangya ang lakas nahulog mga gamit sa bahay!!! ###stay safe,STATUS_INQUIRY,LOW,earthquake,Unknown,"[{""text"":""lindol"",""label"":""INCIDENT""}]",2026-09-10T22:20:35.273Z
synth_user_76dd3512_160,synthetic,Resident of Talisay,when po kaya dadating ang mga relief goods sa sampaloc? gutom na po ako umaga pako hindi nakain!!!,RESOURCE_REQUEST,HIGH,none,Sampaloc,"[{""text"":""sampaloc"",""label"":""LOCATION""}]",2026-09-04T22:16:25.951Z
synth_user_9c27896e_161,synthetic,Resident of Talisay,"pls help!!!! inaanod po baha yung kapatid ko, hindi po kame makasunod at sobrang lakas po ng baha at gatao na. sana po makarespond kayo agad",EMERGENCY_REPORT,CRITICAL,flood,Unknown,"[{""text"":""baha"",""label"":""INCIDENT""},{""text"":""baha"",""label"":""INCIDENT""}]",2026-09-08T02:18:26.121Z
synth_user_5479a129_162,synthetic,Resident of Talisay,salamat po dumating na po yung relief goods dito sa poblacion 6!!! pagpalain po sana kyo ng panginoon,FEEDBACK_OR_THANKS,LOW,none,Poblacion Barangay 6,"[{""text"":""poblacion 6"",""label"":""LOCATION""}]",2026-09-04T23:20:42.197Z
synth_user_71671c65_163,synthetic,Resident of Talisay,panginoon ingatan mo po kame lalo na't may malakas bagyo na tatama sa talisay,CASUAL_OR_GREETING,LOW,typhoon,Unknown,"[{""text"":""bagyo"",""label"":""INCIDENT""},{""text"":""talisay"",""label"":""LOCATION""}]",2026-09-10T03:33:32.788Z
synth_user_4739cd70_164,synthetic,Resident of Talisay,"salamat po sa pagrescue samen, nandito na po kame sa evacuation center sa leynes!!! maraming salamat po uli",FEEDBACK_OR_THANKS,LOW,none,Leynes,"[{""text"":""evacuation center sa leynes"",""label"":""LOCATION""}]",2026-09-07T07:55:39.158Z
synth_user_278851fa_165,synthetic,Resident of Talisay,may mga extrang supply ba kayo dyan? kakaunti lang kaseng gamit ang nasalba namin sa baha. Nandito po sa elementary school sa quiling dito po kame nag evacuate,RESOURCE_REQUEST,MEDIUM,flood,Quiling,"[{""text"":""baha"",""label"":""INCIDENT""},{""text"":""elementary school sa quiling"",""label"":""LOCATION""}]",2026-09-13T17:03:54.732Z
synth_user_47265303_166,synthetic,Resident of Talisay,"dalawang bahay na po ang natupok ng aboy dine sa sta maria, wla pading bumberong dumadating",EMERGENCY_REPORT,CRITICAL,fire,Santa Maria,"[{""text"":""aboy"",""label"":""INCIDENT""},{""text"":""sta maria"",""label"":""LOCATION""}]",2026-09-07T05:09:06.635Z
synth_user_c6e3ca01_167,synthetic,Resident of Talisay,kumain na po ba kayo?,CASUAL_OR_GREETING,LOW,none,Unknown,[],2026-09-05T16:49:06.142Z
synth_user_741817b2_168,synthetic,Resident of Talisay,tulong po may tanong ako sa assignment ko!!!!,CASUAL_OR_GREETING,LOW,none,Unknown,[],2026-09-03T18:09:52.719Z
synth_user_f1fa37e8_169,synthetic,Resident of Talisay,wag po muna kayong maglalabas ng bahay at sobrang lakas hangin maraming yero ang naglilipadan!!!!,EMERGENCY_REPORT,HIGH,typhoon,Unknown,"[{""text"":""lakas hangin"",""label"":""INCIDENT""}]",2026-09-03T00:02:06.702Z
synth_user_c442170d_170,synthetic,Resident of Talisay,nagkaroon ng sunog dito sa tranca pero buti naman naapula naman agad,EMERGENCY_REPORT,LOW,fire,Tranca,"[{""text"":""sunog"",""label"":""INCIDENT""},{""text"":""tranca"",""label"":""LOCATION""}]",2026-09-11T18:53:59.532Z
synth_user_40872b61_171,synthetic,Resident of Talisay,maraming salamat po mdrrmo sa pagtulong na mahanap ang kapatid ko natabunan ng lupa,FEEDBACK_OR_THANKS,LOW,landslide,Unknown,"[{""text"":""natabunan ng lupa"",""label"":""INCIDENT""}]",2026-09-10T05:57:40.466Z
synth_user_72ac2da9_172,synthetic,Resident of Talisay,"pinasok na ng baha ang bahay namin, ilaan nyo naman ng maayos ang budget nyo sa flood control!!!",EMERGENCY_REPORT,HIGH,flood,Unknown,"[{""text"":""baha"",""label"":""INCIDENT""}]",2026-09-10T00:30:54.706Z
synth_user_2fac0107_173,synthetic,Resident of Talisay,anlakas po ng lindol po kanina sa brgy leynes grabe talaga yung lakas parang ayaw na tumigil ng yanig sana po maging maayos na ang lahat and stay safe kayo!!!,CASUAL_OR_GREETING,LOW,earthquake,Leynes,"[{""text"":""lindol"",""label"":""INCIDENT""},{""text"":""brgy leynes"",""label"":""LOCATION""},{""text"":""yanig"",""label"":""INCIDENT""}]",2026-08-31T01:20:23.551Z
synth_user_9d7ad5f8_174,synthetic,Resident of Talisay,"need po namin ng rescue dito sa leynes, anlakas parin ng ulan at mukang malapit na pong gumuho yung lupa sa taas dito",EMERGENCY_REPORT,HIGH,landslide,Leynes,"[{""text"":""leynes"",""label"":""LOCATION""},{""text"":""gumuho yung lupa"",""label"":""INCIDENT""}]",2026-09-08T17:32:08.995Z
synth_user_93d6f2ff_175,synthetic,Resident of Talisay,"magiingat po kayo sa kalsada papuntang quiling, yung lupa po sa kilid ng kalsada mukang malambot na at malapit ng gumuho",EMERGENCY_REPORT,HIGH,landslide,Quiling,"[{""text"":""quiling"",""label"":""LOCATION""},{""text"":""gumuho"",""label"":""INCIDENT""}]",2026-09-06T08:41:53.732Z
synth_user_31a44250_176,synthetic,Resident of Talisay,"magandang umaga po need po namin ng mga tauhan nyo dito sa balas para po maalis namin yung posteng natumba gawa ng bagyo, mas ok po kung makakapag padala na kayo agad ng mga tao!!!",RESOURCE_REQUEST,HIGH,typhoon,Balas,"[{""text"":""balas"",""label"":""LOCATION""},{""text"":""posteng natumba"",""label"":""INCIDENT""},{""text"":""bagyo"",""label"":""INCIDENT""}]",2026-09-13T19:38:52.805Z
synth_user_3d982d1f_177,synthetic,Resident of Talisay,"sobrang lakas po ng hangin may nilipad na kahoy dito at tinamaan po yung kuya ko sa ulo, nagdurogo po ang ulo niya at need po namin ng medic ASAP taga miranda po kame",CASUALTY_REPORT,CRITICAL,typhoon,Miranda,"[{""text"":""hangin"",""label"":""INCIDENT""},{""text"":""miranda"",""label"":""LOCATION""}]",2026-09-09T23:35:00.340Z
synth_user_f39ec9e1_178,synthetic,Resident of Talisay,pwede pong magtanong? Never grow old?,OTHER,LOW,none,Unknown,[],2026-09-04T16:23:50.979Z
synth_user_7dc35c07_179,synthetic,Resident of Talisay,walang relief goods buseng? abay tatlong araw na kame nagdi-dil sa asin dine sa Poblacion 7!!!!!,RESOURCE_REQUEST,HIGH,none,Poblacion Barangay 7,"[{""text"":""Poblacion 7"",""label"":""LOCATION""}]",2026-09-12T12:31:12.075Z
synth_user_7d326729_180,synthetic,Resident of Talisay,kailangan ga babalik ang kuryente? aba'y 1 linggo na walang tubeg ubos na din supply nameng tubig. baka naman makakapag provide kayo ng supply dine sa aya,RESOURCE_REQUEST,HIGH,none,Aya,"[{""text"":""aya"",""label"":""LOCATION""}]",2026-09-05T13:54:52.649Z
synth_user_d4f293db_181,synthetic,Resident of Talisay,thank you very much for the relief goods that was sent to the evacuation center in the Tumaway,FEEDBACK_OR_THANKS,LOW,none,Tumaway,"[{""text"":""Tumaway"",""label"":""LOCATION""}]",2026-09-12T11:09:55.866Z
synth_user_3d9d5b43_182,synthetic,Resident of Talisay,"tulong po may matandang nasagasaan dine sa highway sa balas, hindi ho kumikibo ang matanda!!!! magpadala na kayo ng ambulansya dine ASAP",CASUALTY_REPORT,CRITICAL,none,Balas,"[{""text"":""nasagasaan"",""label"":""INCIDENT""},{""text"":""highway"",""label"":""LOCATION""},{""text"":""balas"",""label"":""LOCATION""}]",2026-09-04T18:55:05.889Z
synth_user_5f36780c_183,synthetic,Resident of Talisay,hoy kailan kayo magrerespond sa tawag namin? maghapon na kame dineng trapped sa bubong ng bahay gawa baha. Aba kelan nyo kameng balak irescue? pag patay na? bilisan nyo dito kame sa tranca,EMERGENCY_REPORT,CRITICAL,flood,Tranca,"[{""text"":""baha"",""label"":""INCIDENT""},{""text"":""tranca"",""label"":""LOCATION""}]",2026-08-31T17:49:14.641Z
synth_user_d4d9b871_184,synthetic,Resident of Talisay,"salamat po sa water supply na ipinamigay dito sa san guillermo, maraming pamilya po ang natulungan",FEEDBACK_OR_THANKS,LOW,none,San Guillermo,"[{""text"":""san guillermo"",""label"":""LOCATION""}]",2026-09-03T18:48:45.140Z
synth_user_2a34426f_185,synthetic,Resident of Talisay,"may mag-ina pong natrapped sa loob ng nasusunog na bahay dito sa banga, bilisan nyo po at mukang kulang ang bumberong pumunta dito",EMERGENCY_REPORT,CRITICAL,fire,Banga,"[{""text"":""nasusunog"",""label"":""INCIDENT""},{""text"":""banga"",""label"":""LOCATION""}]",2026-09-13T14:41:08.783Z
synth_user_e326650c_186,synthetic,Resident of Talisay,"may extra po ba kayong bangka dyan? ililikas ko po sana ang lola kong lumpo dito, hindi na po kase siya nakakalakad taga miranda po kame malapit sa manggahan",RESOURCE_REQUEST,HIGH,flood,Miranda,"[{""text"":""miranda"",""label"":""LOCATION""},{""text"":""manggahan"",""label"":""LOCATION""}]",2026-09-08T05:22:43.200Z
synth_user_f56736c4_187,synthetic,Resident of Talisay,ang tagal naman dumating ng responder nyo!!! ubos na ang yero ng mga bahay gawa ng bagyo !!! bilisan nyo madaming din pamilya nagaantay ng response dito sa tumaway,EMERGENCY_REPORT,HIGH,typhoon,Tumaway,"[{""text"":""bagyo"",""label"":""INCIDENT""},{""text"":""tumaway"",""label"":""LOCATION""}]",2026-09-03T18:17:28.450Z
synth_user_a5b00b08_188,synthetic,Resident of Talisay,saan po kaya may barikan dito sa balas? gusto ko magwalwal,OTHER,LOW,none,Balas,"[{""text"":""balas"",""label"":""LOCATION""}]",2026-09-02T15:12:43.850Z
synth_user_01baabaa_189,synthetic,Resident of Talisay,"send help po dito sa balas may magasawang natangay po ng bahay, magingat po kayo at sobrang lakas ng agos ng baha!!!",EMERGENCY_REPORT,CRITICAL,flood,Balas,"[{""text"":""balas"",""label"":""LOCATION""},{""text"":""baha"",""label"":""INCIDENT""}]",2026-09-05T06:33:41.984Z
synth_user_c2511d26_190,synthetic,Resident of Talisay,safe na po kaya umuwi sa sari-sariling bahay? mukang tumugil na po ang bagyo eh,STATUS_INQUIRY,LOW,typhoon,Unknown,"[{""text"":""bagyo"",""label"":""INCIDENT""}]",2026-09-06T11:34:02.649Z
synth_user_5d71ac7b_191,synthetic,Resident of Talisay,"send help plss, urgent po tinamaan po ng ligaw na yero ang bunso kong kapatid at sobrang lakas po ng bleeding ng hiwa sa likod niya",CASUALTY_REPORT,CRITICAL,typhoon,Unknown,"[{""text"":""yero"",""label"":""INCIDENT""}]",2026-09-05T09:31:48.153Z
synth_user_1bcab5a2_192,synthetic,Resident of Talisay,jusko po nabagsakan ng pader yung kapitbahay namin dito sa banga need po namin ng assistance niyo kase wala pong response yung tao eh,CASUALTY_REPORT,CRITICAL,none,Banga,"[{""text"":""nabagsakan ng pader"",""label"":""INCIDENT""},{""text"":""banga"",""label"":""LOCATION""}]",2026-09-03T21:46:34.455Z
synth_user_c3aab22a_193,synthetic,Resident of Talisay,irescue nyo pa po yung mga bata dito sa sampaloc at sobrang kapal na po ng abo dine. baka magkasakit pa ang mga bata dine,EMERGENCY_REPORT,HIGH,volcanic_eruption,Sampaloc,"[{""text"":""sampaloc"",""label"":""LOCATION""},{""text"":""abo"",""label"":""INCIDENT""}]",2026-08-31T11:16:01.571Z
synth_user_5268bf25_194,synthetic,Resident of Talisay,help po need namin ng medic may babae pong nabangga ng truck dine sa balas at madami pong mga establishment ang nadamay at nasugatan,CASUALTY_REPORT,CRITICAL,none,Balas,"[{""text"":""nabangga ng truck"",""label"":""INCIDENT""},{""text"":""balas"",""label"":""LOCATION""}]",2026-09-02T10:05:53.904Z
synth_user_e0b62992_195,synthetic,Resident of Talisay,can you send responders here in poblacin 4 to rescue us? we've been stuck inside our house because the mud from landslide is blocking our way out and we are now starting to get hungry and we are out of supply now,EMERGENCY_REPORT,HIGH,landslide,Poblacion Barangay 4,"[{""text"":""poblacin 4"",""label"":""LOCATION""},{""text"":""landslide"",""label"":""INCIDENT""}]",2026-09-10T01:54:24.168Z
synth_user_13a5a4e4_196,synthetic,Resident of Talisay,"hlp myrng tatlong sgtn dto s tmwy dhl s lndslde, klgn nmn ng medical n tlong",CASUALTY_REPORT,CRITICAL,landslide,Tumaway,"[{""text"":""tmwy"",""label"":""LOCATION""},{""text"":""lndslde"",""label"":""INCIDENT""}]",2026-09-01T19:32:41.499Z
synth_user_87cbdb3e_197,synthetic,Resident of Talisay,"magpadala po kayo ng mga tauhan dito sa banga para irescue yung mga pamilyang hindi po makalikas dahil sa baha, andame na po namin ditong nagaantay sa taas ng bubong at nagaantay ng tulong",EMERGENCY_REPORT,CRITICAL,flood,Banga,"[{""text"":""banga"",""label"":""LOCATION""},{""text"":""baha"",""label"":""INCIDENT""},{""text"":""taas ng bubong"",""label"":""LOCATION""}]",2026-09-09T17:05:08.348Z
synth_user_7e14be8d_198,synthetic,Resident of Talisay,"may punong pong natumba dito sa kalsada sa sampaloc, buti naman naman walang nasaktan pero nakaharang po ang puno sa kalsada ngayon at nagdudulot ng traffic kaya need po namin ng tulong nyo",EMERGENCY_REPORT,HIGH,typhoon,Sampaloc,"[{""text"":""punong pong natumba"",""label"":""INCIDENT""},{""text"":""sampaloc"",""label"":""LOCATION""}]",2026-09-01T01:52:56.998Z
synth_user_3cf91b0d_199,synthetic,Resident of Talisay,ang kapal ng asupre dine sa pob 3 ang bagal nyo mag linis pakibilisan naman,OTHER,LOW,volcanic_eruption,Poblacion Barangay 3,"[{""text"":""asupre"",""label"":""INCIDENT""},{""text"":""pob 3"",""label"":""LOCATION""}]",2026-09-04T06:06:50.326Z
synth_user_f0c50838_200,synthetic,Resident of Talisay,ang lakas ng hangin pa rescue po kami dito sa poblacion 1,EMERGENCY_REPORT,HIGH,typhoon,Poblacion Barangay 1,"[{""text"":""hangin"",""label"":""INCIDENT""},{""text"":""poblacion 1"",""label"":""LOCATION""}]",2026-09-03T23:37:57.779Z
synth_user_43fa2401_201,synthetic,Resident of Talisay,magandang araw kailangan po namin supply ng diaper dine sa balas kakaawa po mga bata ditong maliliit,RESOURCE_REQUEST,MEDIUM,none,Balas,"[{""text"":""balas"",""label"":""LOCATION""}]",2026-09-07T03:54:08.965Z
synth_user_e2d56c23_202,synthetic,Resident of Talisay,wala pong supply ng tubig dito sa 3 putol lahat ng linya,RESOURCE_REQUEST,MEDIUM,none,Poblacion Barangay 3,"[{""text"":""3"",""label"":""LOCATION""}]",2026-09-13T02:00:24.335Z
synth_user_f5150f0b_203,synthetic,Resident of Talisay,wala pong power dito sa 5 putol mga linya,RESOURCE_REQUEST,MEDIUM,none,Poblacion Barangay 5,"[{""text"":""5"",""label"":""LOCATION""}]",2026-09-12T20:21:37.283Z
synth_user_69edf21a_204,synthetic,Resident of Talisay,wala pong madaana dito sa balas bitak bitak mga karsada,EMERGENCY_REPORT,HIGH,earthquake,Balas,"[{""text"":""balas"",""label"":""LOCATION""},{""text"":""bitak bitak mga karsada"",""label"":""INCIDENT""}]",2026-09-11T06:55:38.638Z
synth_user_9b45927b_205,synthetic,Resident of Talisay,putol po tulay dito sa miranda hindi kami makapamili ng makakain,EMERGENCY_REPORT,HIGH,none,Miranda,"[{""text"":""miranda"",""label"":""LOCATION""}]",2026-08-31T21:11:32.085Z
synth_user_22d72887_206,synthetic,Resident of Talisay,ang bagal po ng rescue nyo sa totoo lamang ho,OTHER,LOW,none,Unknown,[],2026-08-31T03:32:00.254Z
synth_user_4d5f404b_207,synthetic,Resident of Talisay,bakit naman puro bigas wala manlang ulam na bigay dito sa brgy aya suskopo,OTHER,LOW,none,Aya,"[{""text"":""brgy aya"",""label"":""LOCATION""}]",2026-09-03T12:34:34.074Z
synth_user_538f2b15_208,synthetic,Resident of Talisay,ano pong magandang camera pang vlog ng mga kurap,CASUAL_OR_GREETING,LOW,none,Unknown,[],2026-09-06T11:58:58.686Z
synth_user_546d0523_209,synthetic,Resident of Talisay,pwede po ba pati mga alaga naming hayop pa rescue po? pakiusap po dine sa barangay aya lang naman ho,RESOURCE_REQUEST,MEDIUM,none,Aya,"[{""text"":""barangay aya"",""label"":""LOCATION""}]",2026-09-02T09:56:39.426Z
synth_user_7fbe6416_210,synthetic,Resident of Talisay,ang lakas ng lindol tumbahan mga poste nakakatakot,EMERGENCY_REPORT,HIGH,earthquake,Unknown,"[{""text"":""lindol"",""label"":""INCIDENT""}]",2026-09-01T02:00:04.508Z
synth_user_9b66fd0b_211,synthetic,Resident of Talisay,saan po pwede lumikas mga nasiraan ng bahay dahil sa lakas ng bagyo ? pls reply po,RESOURCE_REQUEST,HIGH,typhoon,Unknown,"[{""text"":""bagyo"",""label"":""INCIDENT""}]",2026-09-05T21:34:18.872Z
synth_user_b97273ff_212,synthetic,Resident of Talisay,saan napo ang mdrrmc team pakiusap po nataas na tubig sa lawa ng taal,EMERGENCY_REPORT,HIGH,flood,Unknown,"[{""text"":""nataas na tubig"",""label"":""INCIDENT""},{""text"":""lawa ng taal"",""label"":""LOCATION""}]",2026-09-10T13:37:18.068Z
synth_user_4bac2658_213,synthetic,Resident of Talisay,sobrang lakas ng hangin liparan mga bubong namin sana ma rescue kaming mga taga brgy 7,EMERGENCY_REPORT,CRITICAL,typhoon,Poblacion Barangay 7,"[{""text"":""sobrang lakas ng hangin"",""label"":""INCIDENT""},{""text"":""liparan mga bubong"",""label"":""INCIDENT""},{""text"":""brgy 7"",""label"":""LOCATION""}]",2026-09-12T14:49:03.169Z
synth_user_e1dffe12_214,synthetic,Resident of Talisay,ang kapal pa ng abo dine sa tranca di na makahinga mga bata sana may mask man lang po,RESOURCE_REQUEST,CRITICAL,volcanic_eruption,Tranca,"[{""text"":""abo"",""label"":""INCIDENT""},{""text"":""tranca"",""label"":""LOCATION""}]",2026-09-08T17:59:57.541Z
synth_user_b5a42690_215,synthetic,Resident of Talisay,baha na po lagpas tao na dine sa poblacion 2 paki rescue po kami may matanda po kaming kasama,EMERGENCY_REPORT,CRITICAL,flood,Poblacion Barangay 2,"[{""text"":""baha"",""label"":""INCIDENT""},{""text"":""poblacion 2"",""label"":""LOCATION""}]",2026-09-13T02:31:06.502Z
synth_user_d9a0d3a7_216,synthetic,Resident of Talisay,lakas ng lindol kanina dine sa buhangin may bitak na pader namin nakakatakot na matulog ho,EMERGENCY_REPORT,MEDIUM,earthquake,Unknown,"[{""text"":""lindol"",""label"":""INCIDENT""},{""text"":""bitak na pader"",""label"":""INCIDENT""},{""text"":""buhangin"",""label"":""LOCATION""}]",2026-08-31T04:44:23.924Z
synth_user_79503f91_217,synthetic,Resident of Talisay,gumuho po lupa dito sa may quiling hindi na madaanan ng tricycle barado na po ng putik,EMERGENCY_REPORT,HIGH,landslide,Quiling,"[{""text"":""gumuho po lupa"",""label"":""INCIDENT""},{""text"":""quiling"",""label"":""LOCATION""}]",2026-09-12T23:19:40.517Z
synth_user_d1285a5e_218,synthetic,Resident of Talisay,may sunog po sa may damuhan malapit sa banga amoy usok na po dine sa amin baka kumalat pa,EMERGENCY_REPORT,HIGH,fire,Banga,"[{""text"":""sunog po sa may damuhan"",""label"":""INCIDENT""},{""text"":""banga"",""label"":""LOCATION""}]",2026-09-05T07:44:18.226Z
synth_user_60bfdb41_219,synthetic,Resident of Talisay,wala pa din pong tubig dito sa sanura dalawang araw na po kami walang ligo pati inumin wala,RESOURCE_REQUEST,HIGH,none,Unknown,"[{""text"":""sanura"",""label"":""LOCATION""}]",2026-09-11T02:51:00.457Z
synth_user_610891a9_220,synthetic,Resident of Talisay,bagal naman ng ayuda dito sa aya puro lista lang wala namang dumadating na tulong ho totoo lang,OTHER,LOW,none,Aya,"[{""text"":""aya"",""label"":""LOCATION""}]",2026-09-07T03:09:22.265Z
synth_user_525c836c_221,synthetic,Resident of Talisay,may alam po ba kayong bilihan ng powerbank dito sa talisay lobat na po lahat ng cp namin,RESOURCE_REQUEST,LOW,none,Unknown,"[{""text"":""talisay"",""label"":""LOCATION""}]",2026-09-10T13:53:38.429Z
synth_user_03ff7d4f_222,synthetic,Resident of Talisay,saan po pwede mag evacuate taga miranda po kami taas na po tubig sa may tulay di na makatawid,RESOURCE_REQUEST,HIGH,flood,Miranda,"[{""text"":""miranda"",""label"":""LOCATION""},{""text"":""taas na po tubig"",""label"":""INCIDENT""},{""text"":""tulay"",""label"":""LOCATION""}]",2026-08-31T18:35:01.942Z
synth_user_89f13650_223,synthetic,Resident of Talisay,grabe hangin kagabi liparan bubong ng kapitbahay namin dito sa poblacion 7 tulong po paki rescue,EMERGENCY_REPORT,HIGH,typhoon,Poblacion Barangay 7,"[{""text"":""hangin"",""label"":""INCIDENT""},{""text"":""liparan bubong"",""label"":""INCIDENT""},{""text"":""poblacion 7"",""label"":""LOCATION""}]",2026-09-11T08:22:39.568Z
synth_user_df5bc3b3_224,synthetic,Resident of Talisay,ang lakas ng bagyo dito sa poblacion 5 lipad na po yero namin wala na kaming masilungan ho,EMERGENCY_REPORT,HIGH,typhoon,Poblacion Barangay 5,"[{""text"":""bagyo"",""label"":""INCIDENT""},{""text"":""poblacion 5"",""label"":""LOCATION""},{""text"":""lipad na po yero"",""label"":""INCIDENT""}]",2026-09-03T05:28:12.854Z
synth_user_892aa9cc_225,synthetic,Resident of Talisay,paki rescue po kami dito sa aya may baby po kaming kasama baka liparin na bubong namin sa hangin,EMERGENCY_REPORT,HIGH,typhoon,Aya,"[{""text"":""aya"",""label"":""LOCATION""},{""text"":""hangin"",""label"":""INCIDENT""}]",2026-08-31T06:48:58.817Z
synth_user_a478df14_226,synthetic,Resident of Talisay,wala pong kuryente dito sa balas simula pa kagabi dahil sa bagyo lobat na po lahat ng cp namin,RESOURCE_REQUEST,MEDIUM,typhoon,Balas,"[{""text"":""balas"",""label"":""LOCATION""},{""text"":""bagyo"",""label"":""INCIDENT""}]",2026-09-08T04:26:43.662Z
synth_user_7b1967bd_227,synthetic,Resident of Talisay,saan po pwede lumikas taga miranda po kami binabaha na po kami sa lakas ng ulan ng bagyo,RESOURCE_REQUEST,HIGH,flood,Miranda,"[{""text"":""miranda"",""label"":""LOCATION""},{""text"":""binabaha"",""label"":""INCIDENT""},{""text"":""bagyo"",""label"":""INCIDENT""}]",2026-09-01T17:19:08.693Z
synth_user_fb8143dd_228,synthetic,Resident of Talisay,kailangan po namin ng tubig at bigas dito sa tranca naubos na po stock namin dahil sa bagyo,RESOURCE_REQUEST,MEDIUM,typhoon,Tranca,"[{""text"":""tranca"",""label"":""LOCATION""},{""text"":""bagyo"",""label"":""INCIDENT""}]",2026-09-12T20:06:09.784Z
synth_user_553cc541_229,synthetic,Resident of Talisay,may natumbang puno po dito sa banga harang po sa daan hindi makadaan ang rescue,EMERGENCY_REPORT,HIGH,typhoon,Banga,"[{""text"":""natumbang puno"",""label"":""INCIDENT""},{""text"":""banga"",""label"":""LOCATION""}]",2026-09-03T14:05:31.906Z
synth_user_6abe7064_230,synthetic,Resident of Talisay,pwede po ba makahingi ng diaper at gatas dito sa buhangin may baby po kami stranded sa bagyo,RESOURCE_REQUEST,HIGH,typhoon,Unknown,"[{""text"":""buhangin"",""label"":""LOCATION""},{""text"":""bagyo"",""label"":""INCIDENT""}]",2026-08-31T22:35:05.697Z
synth_user_0cfb0065_231,synthetic,Resident of Talisay,may senior po dito sa quiling kailangan po ng gamot pang highblood naipit po dahil sa bagyo,RESOURCE_REQUEST,HIGH,typhoon,Quiling,"[{""text"":""quiling"",""label"":""LOCATION""},{""text"":""bagyo"",""label"":""INCIDENT""}]",2026-09-05T16:15:17.328Z
synth_user_ab4a16d6_232,synthetic,Resident of Talisay,pakiusap po pati mga alaga naming aso dito sa sampaloc wala na pong silungan sa lakas ng bagyo,RESOURCE_REQUEST,HIGH,typhoon,Sampaloc,"[{""text"":""sampaloc"",""label"":""LOCATION""},{""text"":""bagyo"",""label"":""INCIDENT""}]",2026-08-31T09:23:41.194Z
synth_user_8876fd4a_233,synthetic,Resident of Talisay,grabe po hangin dito sa tumaway natatakot po mga bata baka matuklap bubong namin tulong po,EMERGENCY_REPORT,HIGH,typhoon,Tumaway,"[{""text"":""hangin"",""label"":""INCIDENT""},{""text"":""tumaway"",""label"":""LOCATION""}]",2026-09-02T23:53:56.903Z
synth_user_e5c07e0b_234,synthetic,Resident of Talisay,grabe bahang baha puro kase kurap mga naka upo sulit budget ng flood control ah,OTHER,LOW,flood,Unknown,"[{""text"":""bahang baha"",""label"":""INCIDENT""}]",2026-09-09T02:32:32.590Z
synth_user_daf56463_235,synthetic,Resident of Talisay,kung di nyo sana binulsa pera pang flood control edi sana lahat tayo happy kahit may bagyo!!,OTHER,LOW,typhoon,Unknown,"[{""text"":""bagyo"",""label"":""INCIDENT""}]",2026-09-02T10:45:10.970Z
synth_user_c0195251_236,synthetic,Resident of Talisay,"grabe yung lindol sira sira pati mga kalsada, sana maaksyonan agad",EMERGENCY_REPORT,HIGH,earthquake,Unknown,"[{""text"":""lindol"",""label"":""INCIDENT""}]",2026-09-01T20:03:34.116Z
synth_user_08226e01_237,synthetic,Resident of Talisay,"pa rescue po ng mga nawawala dito samin sa tranca, hindi parin po mahanap yung matandang inanod ng baha",CASUALTY_REPORT,CRITICAL,flood,Tranca,"[{""text"":""tranca"",""label"":""LOCATION""},{""text"":""baha"",""label"":""INCIDENT""}]",2026-09-13T06:13:28.812Z
synth_user_4d5c234b_238,synthetic,Resident of Talisay,"pa rescue po ng mga nawawala dito samin sa tranca, hindi parin po mahanap yung matandang natabunan ng lupa",CASUALTY_REPORT,CRITICAL,landslide,Tranca,"[{""text"":""tranca"",""label"":""LOCATION""},{""text"":""natabunan ng lupa"",""label"":""INCIDENT""}]",2026-08-31T18:33:32.477Z
synth_user_61d8866e_239,synthetic,Resident of Talisay,pa rescue naman po kami dito sa tranca sobrang lakas po ng hangin hindi nag liliparan na mga yero namin,EMERGENCY_REPORT,HIGH,typhoon,Tranca,"[{""text"":""tranca"",""label"":""LOCATION""},{""text"":""hangin"",""label"":""INCIDENT""}]",2026-09-02T14:15:11.507Z
synth_user_c7b4943e_240,synthetic,Resident of Talisay,sobrang kapal na ng abo wala parin na rescue samin ano ba naman yan,EMERGENCY_REPORT,HIGH,volcanic_eruption,Unknown,"[{""text"":""abo"",""label"":""INCIDENT""}]",2026-09-10T18:08:13.270Z
synth_user_41703250_241,synthetic,Resident of Talisay,Diyos ko po ang lakas ng lindol dito sa buhangin gumagalaw po lupa nahulog lahat ng gamit namin,EMERGENCY_REPORT,HIGH,earthquake,Unknown,"[{""text"":""lindol"",""label"":""INCIDENT""},{""text"":""buhangin"",""label"":""LOCATION""}]",2026-09-01T05:16:40.508Z
synth_user_bf4566d9_242,synthetic,Resident of Talisay,yumanig na naman po ng malakas dito sa caloocan may bitak na po pader namin takot na takot mga bata di makatulog,EMERGENCY_REPORT,HIGH,earthquake,Caloocan,"[{""text"":""yumanig"",""label"":""INCIDENT""},{""text"":""caloocan"",""label"":""LOCATION""}]",2026-09-07T14:31:11.005Z
synth_user_5252860c_243,synthetic,Resident of Talisay,ang lakas po ng lindol kanina sa aya tumbahan po mga poste at pader nakakatakot lumabas baka may aftershock pa,EMERGENCY_REPORT,HIGH,earthquake,Aya,"[{""text"":""lindol"",""label"":""INCIDENT""},{""text"":""aya"",""label"":""LOCATION""}]",2026-09-09T02:15:35.527Z
synth_user_3e3f784d_244,synthetic,Resident of Talisay,Lord parang mahihilo na po kami sa kakayanig dito sa sta maria may malaki na pong bitak kalsada sa amin,EMERGENCY_REPORT,HIGH,earthquake,Santa Maria,"[{""text"":""kakayanig"",""label"":""INCIDENT""},{""text"":""sta maria"",""label"":""LOCATION""}]",2026-08-31T12:14:12.689Z
synth_user_276502e7_245,synthetic,Resident of Talisay,lumindol na naman po dito sa quiling may bitak na po sahig namin saan po kami tatakbo pag lumakas pa,EMERGENCY_REPORT,HIGH,earthquake,Quiling,"[{""text"":""lumindol"",""label"":""INCIDENT""},{""text"":""quiling"",""label"":""LOCATION""}]",2026-08-31T17:31:49.070Z
synth_user_36382cdd_246,synthetic,Resident of Talisay,grabe yung lindol sira sira na po kalsada dito sa tumaway pati bahay namin may crack na paki check naman po,EMERGENCY_REPORT,HIGH,earthquake,Tumaway,"[{""text"":""lindol"",""label"":""INCIDENT""},{""text"":""tumaway"",""label"":""LOCATION""}]",2026-09-08T18:32:57.653Z
synth_user_844441e2_247,synthetic,Resident of Talisay,nakakatakot na po matulog dito sa banga lakas ng lindol kanina may nahulog na pong kisame sa kwarto ng anak ko,EMERGENCY_REPORT,HIGH,earthquake,Banga,"[{""text"":""banga"",""label"":""LOCATION""},{""text"":""lindol"",""label"":""INCIDENT""}]",2026-09-08T09:03:55.543Z
synth_user_3eb3e87a_248,synthetic,Resident of Talisay,ayan na naman po lumindol na naman dito sa leynes ang lakas po Diyos ko po sana matapos na to,EMERGENCY_REPORT,HIGH,earthquake,Leynes,"[{""text"":""lumindol"",""label"":""INCIDENT""},{""text"":""leynes"",""label"":""LOCATION""}]",2026-09-09T05:07:28.874Z
synth_user_496d9eed_249,synthetic,Resident of Talisay,may malaking bitak na po lupa dito sa san guillermo delikado na po baka biglang gumuho bahay namin tulong po,EMERGENCY_REPORT,CRITICAL,earthquake,San Guillermo,"[{""text"":""san guillermo"",""label"":""LOCATION""}]",2026-09-13T02:38:56.731Z
synth_user_09eecb06_250,synthetic,Resident of Talisay,may sunog po sa may damuhan sa sampaloc ang bilis kumalat dahil sa hangin amoy usok na po dine sa amin,EMERGENCY_REPORT,HIGH,fire,Sampaloc,"[{""text"":""sunog"",""label"":""INCIDENT""},{""text"":""sampaloc"",""label"":""LOCATION""}]",2026-09-02T15:23:45.206Z
synth_user_fc017382_251,synthetic,Resident of Talisay,tulong po may nasusunog na talahiban dito sa banga malapit na po sa bahay namin baka abutin kami,EMERGENCY_REPORT,HIGH,fire,Banga,"[{""text"":""nasusunog na talahiban"",""label"":""INCIDENT""},{""text"":""banga"",""label"":""LOCATION""}]",2026-09-01T16:08:32.253Z
synth_user_16b87c13_252,synthetic,Resident of Talisay,grabe po usok dito sa tranca may sunog po yata sa may bukid hindi po makahinga mga bata,EMERGENCY_REPORT,HIGH,fire,Tranca,"[{""text"":""tranca"",""label"":""LOCATION""},{""text"":""sunog"",""label"":""INCIDENT""},{""text"":""bukid"",""label"":""LOCATION""}]",2026-09-02T18:11:27.562Z
synth_user_da88b339_253,synthetic,Resident of Talisay,may sunog po sa may poblacion 6 malapit sa palengke ang bilis po ng apoy dahil sa hangin paki rescue po bumbero,EMERGENCY_REPORT,HIGH,fire,Poblacion Barangay 6,"[{""text"":""sunog"",""label"":""INCIDENT""},{""text"":""poblacion 6"",""label"":""LOCATION""},{""text"":""palengke"",""label"":""LOCATION""},{""text"":""apoy"",""label"":""INCIDENT""}]",2026-09-06T23:07:08.434Z
synth_user_66c42964_254,synthetic,Resident of Talisay,Diyos ko po may nagliliyab na po sa may buhangin ang lakas ng apoy natatakot po kami baka kumalat sa bahay,EMERGENCY_REPORT,HIGH,fire,Unknown,"[{""text"":""nagliliyab"",""label"":""INCIDENT""},{""text"":""buhangin"",""label"":""LOCATION""},{""text"":""apoy"",""label"":""INCIDENT""}]",2026-08-31T04:33:47.644Z
synth_user_ee521b0f_255,synthetic,Resident of Talisay,amoy sunog na po dito sa aya may grassfire po yata sa may taas ng bundok kita po usok dito sa baba,EMERGENCY_REPORT,MEDIUM,fire,Aya,"[{""text"":""sunog"",""label"":""INCIDENT""},{""text"":""aya"",""label"":""LOCATION""},{""text"":""grassfire"",""label"":""INCIDENT""},{""text"":""taas ng bundok"",""label"":""LOCATION""}]",2026-09-03T05:39:58.402Z
synth_user_49b9b6f0_256,synthetic,Resident of Talisay,sunog po sa may basurahan sa caloocan kumakalat na po usok ang baho na po hindi na makahinga mga bata,EMERGENCY_REPORT,HIGH,fire,Caloocan,"[{""text"":""sunog"",""label"":""INCIDENT""},{""text"":""basurahan"",""label"":""LOCATION""},{""text"":""caloocan"",""label"":""LOCATION""}]",2026-09-01T23:08:41.159Z
synth_user_c2bf1026_257,synthetic,Resident of Talisay,may sumiklab po na apoy dito sa quiling galing po sa naputol na kuryente dahil sa bagyo delikado po,EMERGENCY_REPORT,HIGH,fire,Quiling,"[{""text"":""apoy"",""label"":""INCIDENT""},{""text"":""quiling"",""label"":""LOCATION""},{""text"":""bagyo"",""label"":""INCIDENT""}]",2026-09-02T05:08:52.597Z
synth_user_4fc777e9_258,synthetic,Resident of Talisay,tulong po may sunog po sa may balete malapit sa sta maria ang bilis kumalat sa damuhan sana may bumbero na,EMERGENCY_REPORT,HIGH,fire,Santa Maria,"[{""text"":""sunog"",""label"":""INCIDENT""},{""text"":""balete"",""label"":""LOCATION""},{""text"":""sta maria"",""label"":""LOCATION""}]",2026-09-09T18:55:04.222Z
synth_user_cd7dc93f_259,synthetic,Resident of Talisay,baha na po lagpas tao na dine sa poblacion 2 paki rescue po kami may matanda po kaming hindi makalakad,EMERGENCY_REPORT,CRITICAL,flood,Poblacion Barangay 2,"[{""text"":""baha"",""label"":""INCIDENT""},{""text"":""poblacion 2"",""label"":""LOCATION""}]",2026-09-09T11:49:19.904Z
synth_user_82d8ea21_260,synthetic,Resident of Talisay,taas na po tubig ng lawa ng taal dito sa leynes abot na po sa loob ng bahay namin saan po kami lilikas,RESOURCE_REQUEST,HIGH,flood,Leynes,"[{""text"":""taas na po tubig"",""label"":""INCIDENT""},{""text"":""lawa ng taal"",""label"":""LOCATION""},{""text"":""leynes"",""label"":""LOCATION""}]",2026-09-03T06:17:35.101Z
synth_user_64d8e43d_261,synthetic,Resident of Talisay,grabe na po baha dito sa san guillermo lagpas dibdib na po hindi na po makalabas mga bata at senior,EMERGENCY_REPORT,CRITICAL,flood,San Guillermo,"[{""text"":""baha"",""label"":""INCIDENT""},{""text"":""san guillermo"",""label"":""LOCATION""}]",2026-09-11T02:43:53.511Z
synth_user_c2457020_262,synthetic,Resident of Talisay,putol na po tulay sa miranda dahil sa baha hindi na po kami makatawid para bumili ng pagkain at gamot,EMERGENCY_REPORT,HIGH,flood,Miranda,"[{""text"":""miranda"",""label"":""LOCATION""},{""text"":""baha"",""label"":""INCIDENT""}]",2026-09-03T13:18:19.496Z
synth_user_42074bce_263,synthetic,Resident of Talisay,pa rescue po ng mga nawawala dito samin sa tranca hindi pa rin po mahanap yung matandang inanod ng baha kahapon,CASUALTY_REPORT,CRITICAL,flood,Tranca,"[{""text"":""tranca"",""label"":""LOCATION""},{""text"":""baha"",""label"":""INCIDENT""}]",2026-09-06T16:56:59.764Z
synth_user_ba08841a_264,synthetic,Resident of Talisay,lubog na po buong bahay namin dito sa poblacion 3 hanggang bubong na po tubig tulong po,EMERGENCY_REPORT,CRITICAL,flood,Poblacion Barangay 3,"[{""text"":""poblacion 3"",""label"":""LOCATION""},{""text"":""tubig"",""label"":""INCIDENT""}]",2026-09-13T07:44:37.113Z
synth_user_b8614b29_265,synthetic,Resident of Talisay,ang bilis po ng ragasa ng tubig dito sa tumaway galing sa bundok pumasok na po sa bahay namin,EMERGENCY_REPORT,HIGH,flood,Tumaway,"[{""text"":""ragasa ng tubig"",""label"":""INCIDENT""},{""text"":""tumaway"",""label"":""LOCATION""}]",2026-09-07T12:34:02.286Z
synth_user_ee1797c4_266,synthetic,Resident of Talisay,baha na po dito sa sampaloc pati mga manok namin inanod na po wala na po kaming kabuhayan,EMERGENCY_REPORT,HIGH,flood,Sampaloc,"[{""text"":""baha"",""label"":""INCIDENT""},{""text"":""sampaloc"",""label"":""LOCATION""}]",2026-09-08T05:19:57.916Z
synth_user_25765663_267,synthetic,Resident of Talisay,sana humupa na baha dito sa balis? sa balas pala lagpas tuhod na po wala pa pong rescue,EMERGENCY_REPORT,HIGH,flood,Balas,"[{""text"":""baha"",""label"":""INCIDENT""},{""text"":""balis"",""label"":""LOCATION""},{""text"":""balas"",""label"":""LOCATION""}]",2026-09-09T23:55:41.059Z
synth_user_a419afce_268,synthetic,Resident of Talisay,gumuho na po lupa dito sa quiling barado na po daan hindi na makadaan pati tricycle at ambulance,EMERGENCY_REPORT,HIGH,landslide,Quiling,"[{""text"":""gumuho na po lupa"",""label"":""INCIDENT""},{""text"":""quiling"",""label"":""LOCATION""}]",2026-09-12T00:25:58.320Z
synth_user_be6c2616_269,synthetic,Resident of Talisay,pa rescue po ng nawawala dito samin sa tranca hindi pa rin po mahanap yung matandang natabunan ng lupa,CASUALTY_REPORT,CRITICAL,landslide,Tranca,"[{""text"":""tranca"",""label"":""LOCATION""},{""text"":""natabunan ng lupa"",""label"":""INCIDENT""}]",2026-09-09T20:27:59.564Z
synth_user_c653b66f_270,synthetic,Resident of Talisay,may landslide po dito sa buhangin natabunan na po bahay ng kapitbahay namin kailangan po ng rescue agad,EMERGENCY_REPORT,CRITICAL,landslide,Unknown,"[{""text"":""landslide"",""label"":""INCIDENT""},{""text"":""buhangin"",""label"":""LOCATION""},{""text"":""natabunan"",""label"":""INCIDENT""}]",2026-09-01T03:26:16.972Z
synth_user_5d38acef_271,synthetic,Resident of Talisay,grabe po putik at bato dito sa tumaway galing sa guho sa taas hindi na po madaanan kalsada,EMERGENCY_REPORT,HIGH,landslide,Tumaway,"[{""text"":""tumaway"",""label"":""LOCATION""},{""text"":""guho"",""label"":""INCIDENT""}]",2026-09-02T21:37:05.579Z
synth_user_43d56172_272,synthetic,Resident of Talisay,natabunan na po ng lupa bahay ng tita ko dito sa san guillermo kailangan po ng tulong para mahukay,EMERGENCY_REPORT,CRITICAL,landslide,San Guillermo,"[{""text"":""natabunan na po ng lupa"",""label"":""INCIDENT""},{""text"":""san guillermo"",""label"":""LOCATION""}]",2026-09-12T12:13:56.137Z
synth_user_b346713b_273,synthetic,Resident of Talisay,ang dulas na po ng daan dito sa caloocan dahil sa putik galing sa landslide baka may madisgrasya pa,EMERGENCY_REPORT,HIGH,landslide,Caloocan,"[{""text"":""caloocan"",""label"":""LOCATION""},{""text"":""landslide"",""label"":""INCIDENT""}]",2026-09-03T20:43:25.361Z
synth_user_811f8268_274,synthetic,Resident of Talisay,may malaking guho po dito sa leynes malapit sa lawa delikado na po baka may matabunan pa na bahay,EMERGENCY_REPORT,HIGH,landslide,Leynes,"[{""text"":""guho"",""label"":""INCIDENT""},{""text"":""leynes"",""label"":""LOCATION""},{""text"":""lawa"",""label"":""LOCATION""}]",2026-09-10T09:48:43.829Z
synth_user_608584f5_275,synthetic,Resident of Talisay,gumuho na po riprap dito sa tranca papuntang tagaytay ridge hindi na po madaanan takot na kami,EMERGENCY_REPORT,HIGH,landslide,Tranca,"[{""text"":""gumuho na po riprap"",""label"":""INCIDENT""},{""text"":""tranca"",""label"":""LOCATION""},{""text"":""tagaytay ridge"",""label"":""LOCATION""}]",2026-09-08T19:22:27.463Z
synth_user_d06b5140_276,synthetic,Resident of Talisay,huhuhu ang kapal ng abo dine sa tranca parang ulap na itim di na makahinga mga anak ko may mask po ba kayo,RESOURCE_REQUEST,HIGH,volcanic_eruption,Tranca,"[{""text"":""abo"",""label"":""INCIDENT""},{""text"":""tranca"",""label"":""LOCATION""}]",2026-09-04T01:14:48.609Z
synth_user_0c95c83f_277,synthetic,Resident of Talisay,grabe lakas ng hangin dito sa poblacion 1 nilipad na buong bubong ng kapitbahay namin takot na takot kami,EMERGENCY_REPORT,HIGH,typhoon,Poblacion Barangay 1,"[{""text"":""hangin"",""label"":""INCIDENT""},{""text"":""poblacion 1"",""label"":""LOCATION""}]",2026-09-06T19:11:56.866Z
synth_user_ef56f852_278,synthetic,Resident of Talisay,pakiusap po sino may extra diaper at gatas dine sa balas kawawa na mga baby namin iyak na ng iyak sa bagyo,RESOURCE_REQUEST,HIGH,typhoon,Balas,"[{""text"":""balas"",""label"":""LOCATION""},{""text"":""bagyo"",""label"":""INCIDENT""}]",2026-09-13T07:10:55.774Z
synth_user_4f9a35dd_279,synthetic,Resident of Talisay,tatlong araw na pong walang tubig dito sa poblacion 3 putol lahat ng linya pati pang hugas wala na,RESOURCE_REQUEST,MEDIUM,none,Poblacion Barangay 3,"[{""text"":""poblacion 3"",""label"":""LOCATION""}]",2026-09-12T08:41:53.423Z
synth_user_129bc396_280,synthetic,Resident of Talisay,brownout pa din po dito sa poblacion 5 simula pa kagabi dahil sa bagyo wala na kaming charge,STATUS_INQUIRY,MEDIUM,typhoon,Poblacion Barangay 5,"[{""text"":""poblacion 5"",""label"":""LOCATION""},{""text"":""bagyo"",""label"":""INCIDENT""}]",2026-09-04T12:16:31.693Z
synth_user_47cd2b3f_281,synthetic,Resident of Talisay,hindi na po madaanan kalsada dito sa buhangin ang lalaki ng bitak dahil sa lindol delikado po,EMERGENCY_REPORT,HIGH,earthquake,Unknown,"[{""text"":""buhangin"",""label"":""LOCATION""},{""text"":""bitak"",""label"":""INCIDENT""},{""text"":""lindol"",""label"":""INCIDENT""}]",2026-09-09T03:28:00.408Z
synth_user_135526ca_282,synthetic,Resident of Talisay,putol na po tulay sa miranda hindi na po kami makatawid para bumili ng pagkain gutom na pamilya ko,RESOURCE_REQUEST,HIGH,none,Miranda,"[{""text"":""miranda"",""label"":""LOCATION""}]",2026-09-08T20:19:53.015Z
synth_user_175612fd_283,synthetic,Resident of Talisay,ano ba naman kayo ang bagal ng rescue nyo dito sa aya kanina pa kami tawag ng tawag ho totoo lang,EMERGENCY_REPORT,HIGH,none,Aya,"[{""text"":""aya"",""label"":""LOCATION""}]",2026-09-04T11:30:09.306Z
synth_user_3e9d3f17_284,synthetic,Resident of Talisay,suskopo puro bigas lang binigay dito sa aya paano naman ulam ng mga bata wala man lang sardinas,RESOURCE_REQUEST,MEDIUM,none,Aya,"[{""text"":""aya"",""label"":""LOCATION""}]",2026-09-05T14:55:09.182Z
synth_user_1b839b3e_285,synthetic,Resident of Talisay,sorry po out of topic pero ano po magandang powerbank pang brownout palagi kasi wala kuryente,OTHER,LOW,none,Unknown,[],2026-09-10T13:48:58.461Z
synth_user_7539c1b2_286,synthetic,Resident of Talisay,pwede po ba isama pati mga aso at pusa namin sa rescue dine sa banga ayaw po namin sila iwan sa baha,RESOURCE_REQUEST,HIGH,flood,Banga,"[{""text"":""banga"",""label"":""LOCATION""},{""text"":""baha"",""label"":""INCIDENT""}]",2026-09-01T04:15:17.151Z
synth_user_460ed27b_287,synthetic,Resident of Talisay,yumanig na naman po ng malakas nakakatakot na tumbahan na po mga poste dito sa caloocan,EMERGENCY_REPORT,HIGH,earthquake,Caloocan,"[{""text"":""yumanig"",""label"":""INCIDENT""},{""text"":""caloocan"",""label"":""LOCATION""}]",2026-09-11T12:59:25.112Z
synth_user_47bcb8ac_288,synthetic,Resident of Talisay,saan po kami pwede lumikas taga poblacion 2 po kami sira na bahay namin sa lakas ng bagyo pls reply,RESOURCE_REQUEST,HIGH,typhoon,Poblacion Barangay 2,"[{""text"":""poblacion 2"",""label"":""LOCATION""},{""text"":""bagyo"",""label"":""INCIDENT""}]",2026-09-04T23:33:58.452Z
synth_user_2c4e6938_289,synthetic,Resident of Talisay,saan na po mdrrmc team pakiusap po tumataas na tubig ng lawa ng taal dito sa leynes abot na sa amin,EMERGENCY_REPORT,HIGH,flood,Leynes,"[{""text"":""tumataas na tubig"",""label"":""INCIDENT""},{""text"":""lawa ng taal"",""label"":""LOCATION""},{""text"":""leynes"",""label"":""LOCATION""}]",2026-09-10T23:40:51.994Z
synth_user_a3472850_290,synthetic,Resident of Talisay,liparan na po mga bubong dito sa poblacion 7 sobrang lakas ng hangin sana po may mag rescue sa amin,EMERGENCY_REPORT,HIGH,typhoon,Poblacion Barangay 7,"[{""text"":""poblacion 7"",""label"":""LOCATION""},{""text"":""hangin"",""label"":""INCIDENT""}]",2026-09-09T02:09:17.008Z
synth_user_a843f52d_291,synthetic,Resident of Talisay,ang kati na po ng abo sa mata at lalamunan dine sa poblacion 3 wala man lang naglilinis ng kalsada ho,EMERGENCY_REPORT,HIGH,volcanic_eruption,Poblacion Barangay 3,"[{""text"":""abo"",""label"":""INCIDENT""},{""text"":""poblacion 3"",""label"":""LOCATION""}]",2026-09-01T02:59:30.489Z
synth_user_76306ea4_292,synthetic,Resident of Talisay,baha na po lagpas bewang na dine sa poblacion 2 may matanda po kaming kasama hindi makalakad paki rescue,EMERGENCY_REPORT,CRITICAL,flood,Poblacion Barangay 2,"[{""text"":""baha"",""label"":""INCIDENT""},{""text"":""poblacion 2"",""label"":""LOCATION""}]",2026-09-05T15:35:46.268Z
synth_user_b3de8c4a_293,synthetic,Resident of Talisay,kanina pa po lumindol dito sa buhangin may bitak na po pader namin di na kami makatulog sa takot,EMERGENCY_REPORT,HIGH,earthquake,Unknown,"[{""text"":""lumindol"",""label"":""INCIDENT""},{""text"":""buhangin"",""label"":""LOCATION""}]",2026-09-08T01:19:34.756Z
synth_user_c1d35a05_294,synthetic,Resident of Talisay,gumuho na po lupa dito sa quiling barado na po daan hindi na makadaan tricycle namin pati motor,EMERGENCY_REPORT,HIGH,landslide,Quiling,"[{""text"":""gumuho na po lupa"",""label"":""INCIDENT""},{""text"":""quiling"",""label"":""LOCATION""}]",2026-09-04T16:36:07.610Z
synth_user_eab80eb5_295,synthetic,Resident of Talisay,may sunog po sa may damuhan sa banga kumakalat na po amoy usok na dito sa amin baka abutin bahay,EMERGENCY_REPORT,CRITICAL,fire,Banga,"[{""text"":""sunog"",""label"":""INCIDENT""},{""text"":""damuhan sa banga"",""label"":""LOCATION""},{""text"":""banga"",""label"":""LOCATION""}]",2026-09-04T15:42:37.372Z
synth_user_dd721189_296,synthetic,Resident of Talisay,dalawang araw na po kaming walang tubig dito sa sta maria pati pang inom wala na po,RESOURCE_REQUEST,HIGH,none,Santa Maria,"[{""text"":""sta maria"",""label"":""LOCATION""}]",2026-09-05T12:31:46.880Z
synth_user_04b09393_297,synthetic,Resident of Talisay,puro lista lang po ginagawa dito sa aya wala naman dumarating na ayuda nakakainis na po ho,OTHER,LOW,none,Aya,"[{""text"":""aya"",""label"":""LOCATION""}]",2026-09-10T21:19:24.025Z
synth_user_de86941c_298,synthetic,Resident of Talisay,may alam po ba kayo bilihan ng load dito sa talisay wala po kasi signal smart at globe simula bagyo,STATUS_INQUIRY,LOW,typhoon,Unknown,"[{""text"":""talisay"",""label"":""LOCATION""},{""text"":""bagyo"",""label"":""INCIDENT""}]",2026-08-31T09:29:39.550Z
synth_user_1fbc40e5_299,synthetic,Resident of Talisay,hindi na po kami makatawid sa tulay ng miranda mataas na po tubig sa ilog sana po may bangka,RESOURCE_REQUEST,HIGH,flood,Miranda,"[{""text"":""tulay ng miranda"",""label"":""LOCATION""},{""text"":""miranda"",""label"":""LOCATION""},{""text"":""mataas na po tubig sa ilog"",""label"":""INCIDENT""}]",2026-09-07T02:23:08.531Z
synth_user_a57add7c_300,synthetic,Resident of Talisay,kagabi pa po liparan yero ng kapitbahay namin dito sa poblacion 7 hindi po kami nakatulog sa takot,EMERGENCY_REPORT,HIGH,typhoon,Poblacion Barangay 7,"[{""text"":""liparan yero"",""label"":""INCIDENT""},{""text"":""poblacion 7"",""label"":""LOCATION""}]",2026-09-12T06:09:38.491Z
synth_user_43ce9512_301,synthetic,Resident of Talisay,dine sa poblacion 5 wala na po kaming masilungan nilipad na po bubong namin sa lakas ng hangin,EMERGENCY_REPORT,HIGH,typhoon,Poblacion Barangay 5,"[{""text"":""poblacion 5"",""label"":""LOCATION""},{""text"":""hangin"",""label"":""INCIDENT""}]",2026-09-06T06:22:54.502Z
synth_user_844bde9c_302,synthetic,Resident of Talisay,pakiusap po may baby po kami dito sa aya baka po liparin na bubong namin sa lakas ng bagyo tulong,EMERGENCY_REPORT,HIGH,typhoon,Aya,"[{""text"":""aya"",""label"":""LOCATION""},{""text"":""bagyo"",""label"":""INCIDENT""}]",2026-09-03T02:46:08.993Z
synth_user_07d24e41_303,synthetic,Resident of Talisay,wala na po kuryente dito sa balas simula pa kagabi dahil sa bagyo lobat na po lahat ng cp namin,EMERGENCY_REPORT,MEDIUM,typhoon,Balas,"[{""text"":""balas"",""label"":""LOCATION""},{""text"":""bagyo"",""label"":""INCIDENT""}]",2026-09-11T15:32:26.133Z
synth_user_87bcdfaa_304,synthetic,Resident of Talisay,saan po kami lilikas taga miranda po kami binabaha na po kami dahil sa lakas ng ulan ng bagyo,RESOURCE_REQUEST,HIGH,flood,Miranda,"[{""text"":""miranda"",""label"":""LOCATION""},{""text"":""binabaha"",""label"":""INCIDENT""},{""text"":""bagyo"",""label"":""INCIDENT""}]",2026-09-02T00:16:34.466Z
synth_user_f2cc3781_305,synthetic,Resident of Talisay,naubos na po bigas at tubig namin dito sa tranca dahil sa bagyo may bata pa naman po kami,RESOURCE_REQUEST,MEDIUM,typhoon,Tranca,"[{""text"":""tranca"",""label"":""LOCATION""},{""text"":""bagyo"",""label"":""INCIDENT""}]",2026-09-13T20:28:39.080Z
synth_user_fe9ae83f_306,synthetic,Resident of Talisay,may natumbang puno po dito sa banga harang sa daan hindi po makadaan rescue po sana maalis,EMERGENCY_REPORT,HIGH,typhoon,Banga,"[{""text"":""banga"",""label"":""LOCATION""},{""text"":""natumbang puno"",""label"":""INCIDENT""}]",2026-09-02T14:26:17.419Z
synth_user_bdaa00e6_307,synthetic,Resident of Talisay,wala na pong gatas at diaper baby namin dito sa buhangin stranded po kami dahil sa bagyo huhuhu,RESOURCE_REQUEST,HIGH,typhoon,Unknown,"[{""text"":""buhangin"",""label"":""LOCATION""},{""text"":""bagyo"",""label"":""INCIDENT""}]",2026-09-08T22:04:51.054Z
synth_user_f5f16d7e_308,synthetic,Resident of Talisay,may senior po dito sa quiling kailangan po ng gamot pang highblood naipit po dahil sa bagyo,RESOURCE_REQUEST,HIGH,typhoon,Quiling,"[{""text"":""quiling"",""label"":""LOCATION""},{""text"":""bagyo"",""label"":""INCIDENT""}]",2026-09-04T18:56:01.396Z
synth_user_768954ba_309,synthetic,Resident of Talisay,kawawa naman po mga aso namin dito sa sampaloc wala na pong silungan sa lakas ng bagyo at ulan,EMERGENCY_REPORT,MEDIUM,typhoon,Sampaloc,"[{""text"":""sampaloc"",""label"":""LOCATION""},{""text"":""bagyo"",""label"":""INCIDENT""}]",2026-09-05T05:50:42.979Z
synth_user_f6a05e97_310,synthetic,Resident of Talisay,grabe po hangin dito sa tumaway umiiyak na po mga bata natatakot baka matuklap bubong namin,EMERGENCY_REPORT,HIGH,typhoon,Tumaway,"[{""text"":""tumaway"",""label"":""LOCATION""},{""text"":""hangin"",""label"":""INCIDENT""}]",2026-09-12T08:04:27.785Z
synth_user_2c3703eb_311,synthetic,Resident of Talisay,sabi nyo may flood control project dito sa leynes pero bakit baha pa din tuwing may bagyo grabe kurap,OTHER,LOW,flood,Leynes,"[{""text"":""leynes"",""label"":""LOCATION""},{""text"":""baha"",""label"":""INCIDENT""},{""text"":""bagyo"",""label"":""INCIDENT""}]",2026-09-11T09:00:36.879Z
synth_user_5b654d6d_312,synthetic,Resident of Talisay,kung hindi nyo binulsa pondo ng flood control edi sana hindi kami lumulubog dito sa poblacion 6,OTHER,LOW,flood,Poblacion Barangay 6,"[{""text"":""lumulubog"",""label"":""INCIDENT""},{""text"":""poblacion 6"",""label"":""LOCATION""}]",2026-09-06T14:54:21.512Z
synth_user_91df1c5e_313,synthetic,Resident of Talisay,ang baho na po ng putik dine sa caloocan galing sa guho wala pa din po naglilinis isang linggo na,OTHER,LOW,landslide,Caloocan,"[{""text"":""putik"",""label"":""INCIDENT""},{""text"":""caloocan"",""label"":""LOCATION""},{""text"":""guho"",""label"":""INCIDENT""}]",2026-09-13T17:32:47.611Z
synth_user_4225011e_314,synthetic,Resident of Talisay,pakiusap po may buntis po dito sa san guillermo kailangan po namin ng rescue mataas na po baha,CASUALTY_REPORT,CRITICAL,flood,San Guillermo,"[{""text"":""san guillermo"",""label"":""LOCATION""},{""text"":""baha"",""label"":""INCIDENT""}]",2026-09-07T01:10:36.244Z
synth_user_9a925255_315,synthetic,Resident of Talisay,wala na po kaming makain dito sa poblacion 8 tatlong araw na po walang ayuda dahil sa bagyo,RESOURCE_REQUEST,MEDIUM,typhoon,Poblacion Barangay 8,"[{""text"":""poblacion 8"",""label"":""LOCATION""},{""text"":""bagyo"",""label"":""INCIDENT""}]",2026-09-11T09:51:41.517Z
synth_user_32f70b67_316,synthetic,Resident of Talisay,ang lakas pa din po ng lindol dito sa sta maria parang nahihilo na po kami sa yanig,EMERGENCY_REPORT,HIGH,earthquake,Santa Maria,"[{""text"":""lindol"",""label"":""INCIDENT""},{""text"":""sta maria"",""label"":""LOCATION""},{""text"":""yanig"",""label"":""INCIDENT""}]",2026-09-07T11:11:41.834Z
synth_user_3f4b8afb_317,synthetic,Resident of Talisay,sunog po yata sa may sampaloc malapit sa palayan ang bilis kumalat dahil sa hangin tulong po,EMERGENCY_REPORT,CRITICAL,fire,Sampaloc,"[{""text"":""sunog"",""label"":""INCIDENT""},{""text"":""sampaloc"",""label"":""LOCATION""}]",2026-09-09T20:34:16.067Z
synth_user_d8269f61_318,synthetic,Resident of Talisay,pwede po ba makahingi ng kumot at banig dito sa poblacion 1 basa na po lahat ng gamit namin sa baha,RESOURCE_REQUEST,MEDIUM,flood,Poblacion Barangay 1,"[{""text"":""poblacion 1"",""label"":""LOCATION""},{""text"":""baha"",""label"":""INCIDENT""}]",2026-09-02T01:46:46.316Z
synth_user_bb4d297c_319,synthetic,Resident of Talisay,saan po may libreng charging dito sa talisay wala na po kaming baterya simula nung bagyo pa,RESOURCE_REQUEST,LOW,typhoon,Unknown,"[{""text"":""talisay"",""label"":""LOCATION""},{""text"":""bagyo"",""label"":""INCIDENT""}]",2026-09-12T19:59:27.122Z
synth_user_e3fc2c03_320,synthetic,Resident of Talisay,natabunan na po ng lupa bahay ng tita ko dito sa quiling kailangan po ng rescue please po,EMERGENCY_REPORT,CRITICAL,landslide,Quiling,"[{""text"":""natabunan na po ng lupa"",""label"":""INCIDENT""},{""text"":""quiling"",""label"":""LOCATION""}]",2026-09-10T21:11:07.357Z
synth_user_304879b8_321,synthetic,Resident of Talisay,ang sakit na po sa mata ng asupre dine sa poblacion 4 wala man lang abiso kung safe pa lumabas,STATUS_INQUIRY,HIGH,volcanic_eruption,Poblacion Barangay 4,"[{""text"":""asupre"",""label"":""INCIDENT""},{""text"":""poblacion 4"",""label"":""LOCATION""}]",2026-09-10T23:15:59.664Z
synth_user_0d1abe31_322,synthetic,Resident of Talisay,huhuhu wala na po kaming bubong dito sa leynes nilipad po lahat ng yero kagabi sa bagyo,RESOURCE_REQUEST,HIGH,typhoon,Leynes,"[{""text"":""leynes"",""label"":""LOCATION""},{""text"":""bagyo"",""label"":""INCIDENT""}]",2026-09-13T19:19:30.997Z
synth_user_1ade0643_323,synthetic,Resident of Talisay,puro kayo picture sa ayuda pero wala naman po napupunta dito sa buhangin gutom na po kami,RESOURCE_REQUEST,HIGH,none,Unknown,"[{""text"":""buhangin"",""label"":""LOCATION""}]",2026-09-12T11:46:48.320Z
synth_user_b7fdf02b_324,synthetic,Resident of Talisay,may landslide po ulit dito sa tranca malapit sa lawa delikado na po daan baka may matabunan,EMERGENCY_REPORT,HIGH,landslide,Tranca,"[{""text"":""landslide"",""label"":""INCIDENT""},{""text"":""tranca"",""label"":""LOCATION""},{""text"":""lawa"",""label"":""LOCATION""}]",2026-08-31T09:36:36.767Z
synth_user_9d4aebc7_325,synthetic,Resident of Talisay,kailangan po namin ng flashlight at baterya dito sa tumaway brownout pa din po simula bagyo,RESOURCE_REQUEST,MEDIUM,typhoon,Tumaway,"[{""text"":""tumaway"",""label"":""LOCATION""},{""text"":""bagyo"",""label"":""INCIDENT""}]",2026-09-12T06:01:04.668Z
synth_user_3193fff8_326,synthetic,Resident of Talisay,ang ingay na po ng bubong namin dito sa poblacion 6 parang matatanggal na sa lakas ng hangin,EMERGENCY_REPORT,HIGH,typhoon,Poblacion Barangay 6,"[{""text"":""poblacion 6"",""label"":""LOCATION""},{""text"":""lakas ng hangin"",""label"":""INCIDENT""}]",2026-09-01T10:33:15.975Z
synth_user_09215978_327,synthetic,Resident of Talisay,saan po may evacuation center na pwede magdala ng alagang hayop taga aya po kami,RESOURCE_REQUEST,MEDIUM,none,Aya,"[{""text"":""aya"",""label"":""LOCATION""}]",2026-08-31T08:42:40.143Z
synth_user_9554e8bc_328,synthetic,Resident of Talisay,grabe na po baha dito sa san guillermo lagpas dibdib na po hindi na po makalabas mga bata,EMERGENCY_REPORT,HIGH,flood,San Guillermo,"[{""text"":""baha"",""label"":""INCIDENT""},{""text"":""san guillermo"",""label"":""LOCATION""}]",2026-09-06T12:22:36.155Z
synth_user_69728517_329,synthetic,Resident of Talisay,wala man lang po dumaan na mdrrmc dito sa sta maria maghapon na po kaming naghihintay sa baha,EMERGENCY_REPORT,HIGH,flood,Santa Maria,"[{""text"":""sta maria"",""label"":""LOCATION""},{""text"":""baha"",""label"":""INCIDENT""}]",2026-09-12T06:20:29.130Z
synth_user_7324b7c3_330,synthetic,Resident of Talisay,ang dami na pong bitak ng lupa dito sa caloocan dahil sa lindol baka gumuho na po bahay namin,EMERGENCY_REPORT,HIGH,earthquake,Caloocan,"[{""text"":""bitak ng lupa"",""label"":""INCIDENT""},{""text"":""caloocan"",""label"":""LOCATION""},{""text"":""lindol"",""label"":""INCIDENT""}]",2026-09-08T22:36:34.843Z
synth_user_543da4f7_331,synthetic,Resident of Talisay,pakiusap po yung mga senior dito sa poblacion 4 wala na pong gamot at pagkain simula pa kahapon,RESOURCE_REQUEST,HIGH,none,Poblacion Barangay 4,"[{""text"":""poblacion 4"",""label"":""LOCATION""}]",2026-09-03T22:15:00.145Z
synth_user_acb44f38_332,synthetic,Resident of Talisay,nakakainis na po puro pangako lang ginagawa nyo tuwing may bagyo wala namang aksyon talaga,OTHER,LOW,typhoon,Unknown,"[{""text"":""bagyo"",""label"":""INCIDENT""}]",2026-09-02T23:21:13.322Z
synth_user_6400c08b_333,synthetic,Resident of Talisay,may baby po kami dito sa leynes nilalagnat na po dahil nabasa ng ulan sa bagyo kailangan ng gamot,RESOURCE_REQUEST,HIGH,typhoon,Leynes,"[{""text"":""leynes"",""label"":""LOCATION""},{""text"":""bagyo"",""label"":""INCIDENT""}]",2026-08-31T22:28:14.841Z
synth_user_52dcf254_334,synthetic,Resident of Talisay,saan po nakakabili ng yero dito sa talisay nasira po bubong namin sa bagyo wala pa pong tulong,RESOURCE_REQUEST,MEDIUM,typhoon,Unknown,"[{""text"":""talisay"",""label"":""LOCATION""},{""text"":""bagyo"",""label"":""INCIDENT""}]",2026-09-03T04:04:20.318Z
synth_user_5be24148_335,synthetic,Resident of Talisay,bakit po hanggang ngayon wala pa din pong tubig dito sa poblacion 2 ang dumi na po namin,RESOURCE_REQUEST,MEDIUM,none,Poblacion Barangay 2,"[{""text"":""poblacion 2"",""label"":""LOCATION""}]",2026-08-31T07:26:44.169Z